
 /----------------------------------------------------------------------------\
 |                                                                            |
 |  yosys -- Yosys Open SYnthesis Suite                                       |
 |                                                                            |
 |  Copyright (C) 2012 - 2020  Claire Xenia Wolf <claire@yosyshq.com>         |
 |                                                                            |
 |  Permission to use, copy, modify, and/or distribute this software for any  |
 |  purpose with or without fee is hereby granted, provided that the above    |
 |  copyright notice and this permission notice appear in all copies.         |
 |                                                                            |
 |  THE SOFTWARE IS PROVIDED "AS IS" AND THE AUTHOR DISCLAIMS ALL WARRANTIES  |
 |  WITH REGARD TO THIS SOFTWARE INCLUDING ALL IMPLIED WARRANTIES OF          |
 |  MERCHANTABILITY AND FITNESS. IN NO EVENT SHALL THE AUTHOR BE LIABLE FOR   |
 |  ANY SPECIAL, DIRECT, INDIRECT, OR CONSEQUENTIAL DAMAGES OR ANY DAMAGES    |
 |  WHATSOEVER RESULTING FROM LOSS OF USE, DATA OR PROFITS, WHETHER IN AN     |
 |  ACTION OF CONTRACT, NEGLIGENCE OR OTHER TORTIOUS ACTION, ARISING OUT OF   |
 |  OR IN CONNECTION WITH THE USE OR PERFORMANCE OF THIS SOFTWARE.            |
 |                                                                            |
 \----------------------------------------------------------------------------/

 Yosys 0.30+48 (git sha1 14d50a176d5, gcc 8.3.1 -fPIC -Os)

[TCL: yosys -import] Command name collision: found pre-existing command `cd' -> skip.
[TCL: yosys -import] Command name collision: found pre-existing command `eval' -> skip.
[TCL: yosys -import] Command name collision: found pre-existing command `exec' -> skip.
[TCL: yosys -import] Command name collision: found pre-existing command `read' -> skip.
[TCL: yosys -import] Command name collision: found pre-existing command `trace' -> skip.

1. Executing Verilog-2005 frontend: /openlane/designs/serv_opt/src/rtl/serv_alu.v
Parsing SystemVerilog input from `/openlane/designs/serv_opt/src/rtl/serv_alu.v' to AST representation.
Generating RTLIL representation for module `\serv_alu'.
Successfully finished Verilog frontend.

2. Executing Verilog-2005 frontend: /openlane/designs/serv_opt/src/rtl/serv_mem_if.v
Parsing SystemVerilog input from `/openlane/designs/serv_opt/src/rtl/serv_mem_if.v' to AST representation.
Generating RTLIL representation for module `\serv_mem_if'.
Successfully finished Verilog frontend.

3. Executing Verilog-2005 frontend: /openlane/designs/serv_opt/src/rtl/serv_debug.v
Parsing SystemVerilog input from `/openlane/designs/serv_opt/src/rtl/serv_debug.v' to AST representation.
Generating RTLIL representation for module `\serv_debug'.
Successfully finished Verilog frontend.

4. Executing Verilog-2005 frontend: /openlane/designs/serv_opt/src/rtl/serv_rf_ram_if.v
Parsing SystemVerilog input from `/openlane/designs/serv_opt/src/rtl/serv_rf_ram_if.v' to AST representation.
Generating RTLIL representation for module `\serv_rf_ram_if'.
Successfully finished Verilog frontend.

5. Executing Verilog-2005 frontend: /openlane/designs/serv_opt/src/rtl/serv_immdec.v
Parsing SystemVerilog input from `/openlane/designs/serv_opt/src/rtl/serv_immdec.v' to AST representation.
Generating RTLIL representation for module `\serv_immdec'.
Successfully finished Verilog frontend.

6. Executing Verilog-2005 frontend: /openlane/designs/serv_opt/src/rtl/serv_ctrl.v
Parsing SystemVerilog input from `/openlane/designs/serv_opt/src/rtl/serv_ctrl.v' to AST representation.
Generating RTLIL representation for module `\serv_ctrl'.
Successfully finished Verilog frontend.

7. Executing Verilog-2005 frontend: /openlane/designs/serv_opt/src/rtl/serv_top.v
Parsing SystemVerilog input from `/openlane/designs/serv_opt/src/rtl/serv_top.v' to AST representation.
Generating RTLIL representation for module `\serv_top'.
Successfully finished Verilog frontend.

8. Executing Verilog-2005 frontend: /openlane/designs/serv_opt/src/rtl/serv_rf_ram.v
Parsing SystemVerilog input from `/openlane/designs/serv_opt/src/rtl/serv_rf_ram.v' to AST representation.
Generating RTLIL representation for module `\serv_rf_ram'.
Successfully finished Verilog frontend.

9. Executing Verilog-2005 frontend: /openlane/designs/serv_opt/src/rtl/serv_rf_if.v
Parsing SystemVerilog input from `/openlane/designs/serv_opt/src/rtl/serv_rf_if.v' to AST representation.
Generating RTLIL representation for module `\serv_rf_if'.
Successfully finished Verilog frontend.

10. Executing Verilog-2005 frontend: /openlane/designs/serv_opt/src/rtl/serv_rf_top.v
Parsing SystemVerilog input from `/openlane/designs/serv_opt/src/rtl/serv_rf_top.v' to AST representation.
Generating RTLIL representation for module `\serv_rf_top'.
Successfully finished Verilog frontend.

11. Executing Verilog-2005 frontend: /openlane/designs/serv_opt/src/rtl/serv_decode.v
Parsing SystemVerilog input from `/openlane/designs/serv_opt/src/rtl/serv_decode.v' to AST representation.
Generating RTLIL representation for module `\serv_decode'.
Successfully finished Verilog frontend.

12. Executing Verilog-2005 frontend: /openlane/designs/serv_opt/src/rtl/serv_compdec.v
Parsing SystemVerilog input from `/openlane/designs/serv_opt/src/rtl/serv_compdec.v' to AST representation.
Generating RTLIL representation for module `\serv_compdec'.
Successfully finished Verilog frontend.

13. Executing Verilog-2005 frontend: /openlane/designs/serv_opt/src/rtl/serv_aligner.v
Parsing SystemVerilog input from `/openlane/designs/serv_opt/src/rtl/serv_aligner.v' to AST representation.
Generating RTLIL representation for module `\serv_aligner'.
Successfully finished Verilog frontend.

14. Executing Verilog-2005 frontend: /openlane/designs/serv_opt/src/rtl/serv_synth_wrapper.v
Parsing SystemVerilog input from `/openlane/designs/serv_opt/src/rtl/serv_synth_wrapper.v' to AST representation.
Generating RTLIL representation for module `\serv_synth_wrapper'.
Successfully finished Verilog frontend.

15. Executing Verilog-2005 frontend: /openlane/designs/serv_opt/src/rtl/serv_bufreg.v
Parsing SystemVerilog input from `/openlane/designs/serv_opt/src/rtl/serv_bufreg.v' to AST representation.
Generating RTLIL representation for module `\serv_bufreg'.
Successfully finished Verilog frontend.

16. Executing Verilog-2005 frontend: /openlane/designs/serv_opt/src/rtl/serv_bufreg2.v
Parsing SystemVerilog input from `/openlane/designs/serv_opt/src/rtl/serv_bufreg2.v' to AST representation.
Generating RTLIL representation for module `\serv_bufreg2'.
Successfully finished Verilog frontend.

17. Executing Verilog-2005 frontend: /openlane/designs/serv_opt/src/rtl/serv_state.v
Parsing SystemVerilog input from `/openlane/designs/serv_opt/src/rtl/serv_state.v' to AST representation.
Generating RTLIL representation for module `\serv_state'.
Successfully finished Verilog frontend.

18. Executing Verilog-2005 frontend: /openlane/designs/serv_opt/src/rtl/serv_csr.v
Parsing SystemVerilog input from `/openlane/designs/serv_opt/src/rtl/serv_csr.v' to AST representation.
Generating RTLIL representation for module `\serv_csr'.
Successfully finished Verilog frontend.

19. Generating Graphviz representation of design.
Writing dot description to `/openlane/designs/serv_opt/runs/RUN_2026.04.16_09.01.15/tmp/synthesis/hierarchy.dot'.
Dumping module serv_synth_wrapper to page 1.

20. Executing HIERARCHY pass (managing design hierarchy).

20.1. Analyzing design hierarchy..
Top module:  \serv_synth_wrapper
Used module:     \serv_top
Used module:         \serv_csr
Used module:         \serv_mem_if
Used module:         \serv_rf_if
Used module:         \serv_alu
Used module:         \serv_ctrl
Used module:         \serv_bufreg2
Used module:         \serv_bufreg
Used module:         \serv_immdec
Used module:         \serv_decode
Used module:         \serv_state
Used module:     \serv_rf_ram_if
Parameter \RESET_STRATEGY = 1296649801
Parameter \W = 1

20.2. Executing AST frontend in derive mode using pre-parsed AST for module `\serv_csr'.
Parameter \RESET_STRATEGY = 1296649801
Parameter \W = 1
Generating RTLIL representation for module `$paramod$3e7b4dd89124d05b1503dd2b902960520f2771f4\serv_csr'.
Parameter \WITH_CSR = 1'1
Parameter \W = 1

20.3. Executing AST frontend in derive mode using pre-parsed AST for module `\serv_mem_if'.
Parameter \WITH_CSR = 1'1
Parameter \W = 1
Generating RTLIL representation for module `$paramod\serv_mem_if\WITH_CSR=1'1\W=s32'00000000000000000000000000000001'.
Parameter \WITH_CSR = 1
Parameter \W = 1

20.4. Executing AST frontend in derive mode using pre-parsed AST for module `\serv_rf_if'.
Parameter \WITH_CSR = 1
Parameter \W = 1
Generating RTLIL representation for module `$paramod$e1f948ce0562a6173fd622abd894e278bdd3effe\serv_rf_if'.
Parameter \W = 1

20.5. Executing AST frontend in derive mode using pre-parsed AST for module `\serv_alu'.
Parameter \W = 1
Generating RTLIL representation for module `$paramod\serv_alu\W=s32'00000000000000000000000000000001'.
Parameter \RESET_STRATEGY = 1296649801
Parameter \RESET_PC = 0
Parameter \WITH_CSR = 1
Parameter \W = 1

20.6. Executing AST frontend in derive mode using pre-parsed AST for module `\serv_ctrl'.
Parameter \RESET_STRATEGY = 1296649801
Parameter \RESET_PC = 0
Parameter \WITH_CSR = 1
Parameter \W = 1
Generating RTLIL representation for module `$paramod$9612b4840d8ba9073515f47ec1c47f8b049edc33\serv_ctrl'.
Parameter \W = 1

20.7. Executing AST frontend in derive mode using pre-parsed AST for module `\serv_bufreg2'.
Parameter \W = 1
Generating RTLIL representation for module `$paramod\serv_bufreg2\W=s32'00000000000000000000000000000001'.
Parameter \MDU = 1'0
Parameter \W = 1

20.8. Executing AST frontend in derive mode using pre-parsed AST for module `\serv_bufreg'.
Parameter \MDU = 1'0
Parameter \W = 1
Generating RTLIL representation for module `$paramod\serv_bufreg\MDU=1'0\W=s32'00000000000000000000000000000001'.
Parameter \W = 1

20.9. Executing AST frontend in derive mode using pre-parsed AST for module `\serv_immdec'.
Parameter \W = 1
Generating RTLIL representation for module `$paramod\serv_immdec\W=s32'00000000000000000000000000000001'.
Parameter \PRE_REGISTER = 1
Parameter \MDU = 1'0

20.10. Executing AST frontend in derive mode using pre-parsed AST for module `\serv_decode'.
Parameter \PRE_REGISTER = 1
Parameter \MDU = 1'0
Generating RTLIL representation for module `$paramod\serv_decode\PRE_REGISTER=s32'00000000000000000000000000000001\MDU=1'0'.
Parameter \RESET_STRATEGY = 1296649801
Parameter \WITH_CSR = 1'1
Parameter \ALIGN = 1'0
Parameter \MDU = 1'0
Parameter \W = 1

20.11. Executing AST frontend in derive mode using pre-parsed AST for module `\serv_state'.
Parameter \RESET_STRATEGY = 1296649801
Parameter \WITH_CSR = 1'1
Parameter \ALIGN = 1'0
Parameter \MDU = 1'0
Parameter \W = 1
Generating RTLIL representation for module `$paramod$f3cec78d1cfbbfc8778027792a43ce84e0717e5d\serv_state'.
Parameter \WITH_CSR = 1
Parameter \PRE_REGISTER = 1
Parameter \RESET_STRATEGY = 1296649801
Parameter \RESET_PC = 0
Parameter \MDU = 1'0

20.12. Executing AST frontend in derive mode using pre-parsed AST for module `\serv_top'.
Parameter \WITH_CSR = 1
Parameter \PRE_REGISTER = 1
Parameter \RESET_STRATEGY = 1296649801
Parameter \RESET_PC = 0
Parameter \MDU = 1'0
Generating RTLIL representation for module `$paramod$9842920b055112136e167285e90bc4626b443db0\serv_top'.
Parameter \width = 2
Parameter \reset_strategy = 1296649801
Parameter \csr_regs = 4

20.13. Executing AST frontend in derive mode using pre-parsed AST for module `\serv_rf_ram_if'.
Parameter \width = 2
Parameter \reset_strategy = 1296649801
Parameter \csr_regs = 4
Generating RTLIL representation for module `$paramod$64406fc4b3d365a8731348bc1f6cb4e4e0c79797\serv_rf_ram_if'.

20.14. Analyzing design hierarchy..
Top module:  \serv_synth_wrapper
Used module:     $paramod$9842920b055112136e167285e90bc4626b443db0\serv_top
Used module:         \serv_csr
Used module:         \serv_mem_if
Used module:         \serv_rf_if
Used module:         \serv_alu
Used module:         \serv_ctrl
Used module:         \serv_bufreg2
Used module:         \serv_bufreg
Used module:         \serv_immdec
Used module:         \serv_decode
Used module:         \serv_state
Used module:     $paramod$64406fc4b3d365a8731348bc1f6cb4e4e0c79797\serv_rf_ram_if
Parameter \RESET_STRATEGY = 1296649801
Parameter \W = 1
Found cached RTLIL representation for module `$paramod$3e7b4dd89124d05b1503dd2b902960520f2771f4\serv_csr'.
Parameter \WITH_CSR = 1'1
Parameter \W = 1
Found cached RTLIL representation for module `$paramod\serv_mem_if\WITH_CSR=1'1\W=s32'00000000000000000000000000000001'.
Parameter \WITH_CSR = 1
Parameter \W = 1
Found cached RTLIL representation for module `$paramod$e1f948ce0562a6173fd622abd894e278bdd3effe\serv_rf_if'.
Parameter \W = 1
Found cached RTLIL representation for module `$paramod\serv_alu\W=s32'00000000000000000000000000000001'.
Parameter \RESET_STRATEGY = 1296649801
Parameter \RESET_PC = 0
Parameter \WITH_CSR = 1
Parameter \W = 1
Found cached RTLIL representation for module `$paramod$9612b4840d8ba9073515f47ec1c47f8b049edc33\serv_ctrl'.
Parameter \W = 1
Found cached RTLIL representation for module `$paramod\serv_bufreg2\W=s32'00000000000000000000000000000001'.
Parameter \MDU = 1'0
Parameter \W = 1
Found cached RTLIL representation for module `$paramod\serv_bufreg\MDU=1'0\W=s32'00000000000000000000000000000001'.
Parameter \W = 1
Found cached RTLIL representation for module `$paramod\serv_immdec\W=s32'00000000000000000000000000000001'.
Parameter \PRE_REGISTER = 1
Parameter \MDU = 1'0
Found cached RTLIL representation for module `$paramod\serv_decode\PRE_REGISTER=s32'00000000000000000000000000000001\MDU=1'0'.
Parameter \RESET_STRATEGY = 1296649801
Parameter \WITH_CSR = 1'1
Parameter \ALIGN = 1'0
Parameter \MDU = 1'0
Parameter \W = 1
Found cached RTLIL representation for module `$paramod$f3cec78d1cfbbfc8778027792a43ce84e0717e5d\serv_state'.

20.15. Analyzing design hierarchy..
Top module:  \serv_synth_wrapper
Used module:     $paramod$9842920b055112136e167285e90bc4626b443db0\serv_top
Used module:         $paramod$3e7b4dd89124d05b1503dd2b902960520f2771f4\serv_csr
Used module:         $paramod\serv_mem_if\WITH_CSR=1'1\W=s32'00000000000000000000000000000001
Used module:         $paramod$e1f948ce0562a6173fd622abd894e278bdd3effe\serv_rf_if
Used module:         $paramod\serv_alu\W=s32'00000000000000000000000000000001
Used module:         $paramod$9612b4840d8ba9073515f47ec1c47f8b049edc33\serv_ctrl
Used module:         $paramod\serv_bufreg2\W=s32'00000000000000000000000000000001
Used module:         $paramod\serv_bufreg\MDU=1'0\W=s32'00000000000000000000000000000001
Used module:         $paramod\serv_immdec\W=s32'00000000000000000000000000000001
Used module:         $paramod\serv_decode\PRE_REGISTER=s32'00000000000000000000000000000001\MDU=1'0
Used module:         $paramod$f3cec78d1cfbbfc8778027792a43ce84e0717e5d\serv_state
Used module:     $paramod$64406fc4b3d365a8731348bc1f6cb4e4e0c79797\serv_rf_ram_if

20.16. Analyzing design hierarchy..
Top module:  \serv_synth_wrapper
Used module:     $paramod$9842920b055112136e167285e90bc4626b443db0\serv_top
Used module:         $paramod$3e7b4dd89124d05b1503dd2b902960520f2771f4\serv_csr
Used module:         $paramod\serv_mem_if\WITH_CSR=1'1\W=s32'00000000000000000000000000000001
Used module:         $paramod$e1f948ce0562a6173fd622abd894e278bdd3effe\serv_rf_if
Used module:         $paramod\serv_alu\W=s32'00000000000000000000000000000001
Used module:         $paramod$9612b4840d8ba9073515f47ec1c47f8b049edc33\serv_ctrl
Used module:         $paramod\serv_bufreg2\W=s32'00000000000000000000000000000001
Used module:         $paramod\serv_bufreg\MDU=1'0\W=s32'00000000000000000000000000000001
Used module:         $paramod\serv_immdec\W=s32'00000000000000000000000000000001
Used module:         $paramod\serv_decode\PRE_REGISTER=s32'00000000000000000000000000000001\MDU=1'0
Used module:         $paramod$f3cec78d1cfbbfc8778027792a43ce84e0717e5d\serv_state
Used module:     $paramod$64406fc4b3d365a8731348bc1f6cb4e4e0c79797\serv_rf_ram_if
Removing unused module `\serv_csr'.
Removing unused module `\serv_state'.
Removing unused module `\serv_bufreg2'.
Removing unused module `\serv_bufreg'.
Removing unused module `\serv_aligner'.
Removing unused module `\serv_compdec'.
Removing unused module `\serv_decode'.
Removing unused module `\serv_rf_top'.
Removing unused module `\serv_rf_if'.
Removing unused module `\serv_rf_ram'.
Removing unused module `\serv_top'.
Removing unused module `\serv_ctrl'.
Removing unused module `\serv_immdec'.
Removing unused module `\serv_rf_ram_if'.
Removing unused module `\serv_debug'.
Removing unused module `\serv_mem_if'.
Removing unused module `\serv_alu'.
Removed 17 unused modules.

21. Executing TRIBUF pass.

22. Executing HIERARCHY pass (managing design hierarchy).

22.1. Analyzing design hierarchy..
Top module:  \serv_synth_wrapper
Used module:     $paramod$9842920b055112136e167285e90bc4626b443db0\serv_top
Used module:         $paramod$3e7b4dd89124d05b1503dd2b902960520f2771f4\serv_csr
Used module:         $paramod\serv_mem_if\WITH_CSR=1'1\W=s32'00000000000000000000000000000001
Used module:         $paramod$e1f948ce0562a6173fd622abd894e278bdd3effe\serv_rf_if
Used module:         $paramod\serv_alu\W=s32'00000000000000000000000000000001
Used module:         $paramod$9612b4840d8ba9073515f47ec1c47f8b049edc33\serv_ctrl
Used module:         $paramod\serv_bufreg2\W=s32'00000000000000000000000000000001
Used module:         $paramod\serv_bufreg\MDU=1'0\W=s32'00000000000000000000000000000001
Used module:         $paramod\serv_immdec\W=s32'00000000000000000000000000000001
Used module:         $paramod\serv_decode\PRE_REGISTER=s32'00000000000000000000000000000001\MDU=1'0
Used module:         $paramod$f3cec78d1cfbbfc8778027792a43ce84e0717e5d\serv_state
Used module:     $paramod$64406fc4b3d365a8731348bc1f6cb4e4e0c79797\serv_rf_ram_if

22.2. Analyzing design hierarchy..
Top module:  \serv_synth_wrapper
Used module:     $paramod$9842920b055112136e167285e90bc4626b443db0\serv_top
Used module:         $paramod$3e7b4dd89124d05b1503dd2b902960520f2771f4\serv_csr
Used module:         $paramod\serv_mem_if\WITH_CSR=1'1\W=s32'00000000000000000000000000000001
Used module:         $paramod$e1f948ce0562a6173fd622abd894e278bdd3effe\serv_rf_if
Used module:         $paramod\serv_alu\W=s32'00000000000000000000000000000001
Used module:         $paramod$9612b4840d8ba9073515f47ec1c47f8b049edc33\serv_ctrl
Used module:         $paramod\serv_bufreg2\W=s32'00000000000000000000000000000001
Used module:         $paramod\serv_bufreg\MDU=1'0\W=s32'00000000000000000000000000000001
Used module:         $paramod\serv_immdec\W=s32'00000000000000000000000000000001
Used module:         $paramod\serv_decode\PRE_REGISTER=s32'00000000000000000000000000000001\MDU=1'0
Used module:         $paramod$f3cec78d1cfbbfc8778027792a43ce84e0717e5d\serv_state
Used module:     $paramod$64406fc4b3d365a8731348bc1f6cb4e4e0c79797\serv_rf_ram_if
Removed 0 unused modules.

23. Executing PROC_CLEAN pass (remove empty switches from decision trees).
Found and cleaned up 1 empty switch in `$paramod$9612b4840d8ba9073515f47ec1c47f8b049edc33\serv_ctrl.$proc$/openlane/designs/serv_opt/src/rtl/serv_ctrl.v:0$787'.
Removing empty process `$paramod$9612b4840d8ba9073515f47ec1c47f8b049edc33\serv_ctrl.$proc$/openlane/designs/serv_opt/src/rtl/serv_ctrl.v:0$787'.
Found and cleaned up 1 empty switch in `$paramod$9612b4840d8ba9073515f47ec1c47f8b049edc33\serv_ctrl.$proc$/openlane/designs/serv_opt/src/rtl/serv_ctrl.v:103$776'.
Found and cleaned up 1 empty switch in `$paramod$3e7b4dd89124d05b1503dd2b902960520f2771f4\serv_csr.$proc$/openlane/designs/serv_opt/src/rtl/serv_csr.v:98$640'.
Found and cleaned up 1 empty switch in `$paramod$64406fc4b3d365a8731348bc1f6cb4e4e0c79797\serv_rf_ram_if.$proc$/openlane/designs/serv_opt/src/rtl/serv_rf_ram_if.v:158$1131'.
Found and cleaned up 1 empty switch in `$paramod$f3cec78d1cfbbfc8778027792a43ce84e0717e5d\serv_state.$proc$/openlane/designs/serv_opt/src/rtl/serv_state.v:147$1093'.
Cleaned up 5 empty switches.

24. Executing PROC_RMDEAD pass (remove dead branches from decision trees).
Removed a total of 0 dead cases.

25. Executing PROC_PRUNE pass (remove redundant assignments in processes).
Removed 0 redundant assignments.
Promoted 51 assignments to connections.

26. Executing PROC_INIT pass (extract init attributes).

27. Executing PROC_ARST pass (detect async resets in processes).

28. Executing PROC_ROM pass (convert switches to ROMs).
Converted 0 switches.
<suppressed ~32 debug messages>

29. Executing PROC_MUX pass (convert decision trees to multiplexers).
Creating decoders for process `$paramod\serv_immdec\W=s32'00000000000000000000000000000001.$proc$/openlane/designs/serv_opt/src/rtl/serv_immdec.v:49$861'.
     1/6: $0\gen_immdec_w_eq_1.imm11_7[4:0]
     2/6: $0\gen_immdec_w_eq_1.imm24_20[4:0]
     3/6: $0\gen_immdec_w_eq_1.imm30_25[5:0]
     4/6: $0\gen_immdec_w_eq_1.imm7[0:0]
     5/6: $0\gen_immdec_w_eq_1.imm19_12_20[8:0]
     6/6: $0\gen_immdec_w_eq_1.imm31[0:0]
Creating decoders for process `$paramod\serv_bufreg\MDU=1'0\W=s32'00000000000000000000000000000001.$proc$/openlane/designs/serv_opt/src/rtl/serv_bufreg.v:62$850'.
     1/2: $0\data[31:0] [31:2]
     2/2: $0\data[31:0] [1:0]
Creating decoders for process `$paramod\serv_bufreg\MDU=1'0\W=s32'00000000000000000000000000000001.$proc$/openlane/designs/serv_opt/src/rtl/serv_bufreg.v:54$848'.
Creating decoders for process `$paramod\serv_bufreg2\W=s32'00000000000000000000000000000001.$proc$/openlane/designs/serv_opt/src/rtl/serv_bufreg2.v:98$829'.
     1/2: $0\dlo[23:0]
     2/2: $0\dhi[7:0]
Creating decoders for process `$paramod$9612b4840d8ba9073515f47ec1c47f8b049edc33\serv_ctrl.$proc$/openlane/designs/serv_opt/src/rtl/serv_ctrl.v:103$776'.
     1/1: $0\o_ibus_adr[31:0]
Creating decoders for process `$paramod\serv_alu\W=s32'00000000000000000000000000000001.$proc$/openlane/designs/serv_opt/src/rtl/serv_alu.v:79$762'.
     1/1: $0\cmp_r[0:0]
Creating decoders for process `$paramod\serv_mem_if\WITH_CSR=1'1\W=s32'00000000000000000000000000000001.$proc$/openlane/designs/serv_opt/src/rtl/serv_mem_if.v:47$702'.
     1/1: $0\signbit[0:0]
Creating decoders for process `$paramod$3e7b4dd89124d05b1503dd2b902960520f2771f4\serv_csr.$proc$/openlane/designs/serv_opt/src/rtl/serv_csr.v:98$640'.
     1/10: $0\mcause3_0[3:0] [1]
     2/10: $0\mcause3_0[3:0] [0]
     3/10: $0\mcause3_0[3:0] [2]
     4/10: $0\mcause3_0[3:0] [3]
     5/10: $0\timer_irq_r[0:0]
     6/10: $0\mcause31[0:0]
     7/10: $0\mie_mtie[0:0]
     8/10: $0\mstatus_mpie[0:0]
     9/10: $0\mstatus_mie[0:0]
    10/10: $0\o_new_irq[0:0]
Creating decoders for process `$paramod$64406fc4b3d365a8731348bc1f6cb4e4e0c79797\serv_rf_ram_if.$proc$/openlane/designs/serv_opt/src/rtl/serv_rf_ram_if.v:154$1136'.
     1/1: $0\rdata1[0:0]
Creating decoders for process `$paramod$64406fc4b3d365a8731348bc1f6cb4e4e0c79797\serv_rf_ram_if.$proc$/openlane/designs/serv_opt/src/rtl/serv_rf_ram_if.v:158$1131'.
     1/5: $0\rdata0[1:0]
     2/5: $0\rgnt[0:0]
     3/5: $0\rreq_r[0:0]
     4/5: $0\rcnt[4:0]
     5/5: $0\rgate[0:0]
Creating decoders for process `$paramod$64406fc4b3d365a8731348bc1f6cb4e4e0c79797\serv_rf_ram_if.$proc$/openlane/designs/serv_opt/src/rtl/serv_rf_ram_if.v:102$1127'.
     1/2: $0\wen1_r[0:0]
     2/2: $0\wen0_r[0:0]
Creating decoders for process `$paramod$f3cec78d1cfbbfc8778027792a43ce84e0717e5d\serv_state.$proc$/openlane/designs/serv_opt/src/rtl/serv_state.v:230$1110'.
     1/1: $0\gen_csr.misalign_trap_sync_r[0:0]
Creating decoders for process `$paramod$f3cec78d1cfbbfc8778027792a43ce84e0717e5d\serv_state.$proc$/openlane/designs/serv_opt/src/rtl/serv_state.v:198$1103'.
     1/2: $0\gen_cnt_w_eq_1.cnt_lsb[3:0]
     2/2: $0\o_cnt[2:0]
Creating decoders for process `$paramod$f3cec78d1cfbbfc8778027792a43ce84e0717e5d\serv_state.$proc$/openlane/designs/serv_opt/src/rtl/serv_state.v:147$1093'.
     1/3: $0\ibus_cyc[0:0]
     2/3: $0\init_done[0:0]
     3/3: $0\o_ctrl_jump[0:0]
Creating decoders for process `$paramod\serv_decode\PRE_REGISTER=s32'00000000000000000000000000000001\MDU=1'0.$proc$/openlane/designs/serv_opt/src/rtl/serv_decode.v:255$1018'.
Creating decoders for process `$paramod\serv_decode\PRE_REGISTER=s32'00000000000000000000000000000001\MDU=1'0.$proc$/openlane/designs/serv_opt/src/rtl/serv_decode.v:242$1017'.
     1/8: $0\imm30[0:0]
     2/8: $0\imm25[0:0]
     3/8: $0\op26[0:0]
     4/8: $0\op22[0:0]
     5/8: $0\op21[0:0]
     6/8: $0\op20[0:0]
     7/8: $0\funct3[2:0]
     8/8: $0\opcode[4:0]

30. Executing PROC_DLATCH pass (convert process syncs to latches).
No latch inferred for signal `$paramod\serv_decode\PRE_REGISTER=s32'00000000000000000000000000000001\MDU=1'0.\o_ext_funct3' from process `$paramod\serv_decode\PRE_REGISTER=s32'00000000000000000000000000000001\MDU=1'0.$proc$/openlane/designs/serv_opt/src/rtl/serv_decode.v:255$1018'.
No latch inferred for signal `$paramod\serv_decode\PRE_REGISTER=s32'00000000000000000000000000000001\MDU=1'0.\o_bne_or_bge' from process `$paramod\serv_decode\PRE_REGISTER=s32'00000000000000000000000000000001\MDU=1'0.$proc$/openlane/designs/serv_opt/src/rtl/serv_decode.v:255$1018'.
No latch inferred for signal `$paramod\serv_decode\PRE_REGISTER=s32'00000000000000000000000000000001\MDU=1'0.\o_cond_branch' from process `$paramod\serv_decode\PRE_REGISTER=s32'00000000000000000000000000000001\MDU=1'0.$proc$/openlane/designs/serv_opt/src/rtl/serv_decode.v:255$1018'.
No latch inferred for signal `$paramod\serv_decode\PRE_REGISTER=s32'00000000000000000000000000000001\MDU=1'0.\o_dbus_en' from process `$paramod\serv_decode\PRE_REGISTER=s32'00000000000000000000000000000001\MDU=1'0.$proc$/openlane/designs/serv_opt/src/rtl/serv_decode.v:255$1018'.
No latch inferred for signal `$paramod\serv_decode\PRE_REGISTER=s32'00000000000000000000000000000001\MDU=1'0.\o_e_op' from process `$paramod\serv_decode\PRE_REGISTER=s32'00000000000000000000000000000001\MDU=1'0.$proc$/openlane/designs/serv_opt/src/rtl/serv_decode.v:255$1018'.
No latch inferred for signal `$paramod\serv_decode\PRE_REGISTER=s32'00000000000000000000000000000001\MDU=1'0.\o_ebreak' from process `$paramod\serv_decode\PRE_REGISTER=s32'00000000000000000000000000000001\MDU=1'0.$proc$/openlane/designs/serv_opt/src/rtl/serv_decode.v:255$1018'.
No latch inferred for signal `$paramod\serv_decode\PRE_REGISTER=s32'00000000000000000000000000000001\MDU=1'0.\o_branch_op' from process `$paramod\serv_decode\PRE_REGISTER=s32'00000000000000000000000000000001\MDU=1'0.$proc$/openlane/designs/serv_opt/src/rtl/serv_decode.v:255$1018'.
No latch inferred for signal `$paramod\serv_decode\PRE_REGISTER=s32'00000000000000000000000000000001\MDU=1'0.\o_shift_op' from process `$paramod\serv_decode\PRE_REGISTER=s32'00000000000000000000000000000001\MDU=1'0.$proc$/openlane/designs/serv_opt/src/rtl/serv_decode.v:255$1018'.
No latch inferred for signal `$paramod\serv_decode\PRE_REGISTER=s32'00000000000000000000000000000001\MDU=1'0.\o_rd_op' from process `$paramod\serv_decode\PRE_REGISTER=s32'00000000000000000000000000000001\MDU=1'0.$proc$/openlane/designs/serv_opt/src/rtl/serv_decode.v:255$1018'.
No latch inferred for signal `$paramod\serv_decode\PRE_REGISTER=s32'00000000000000000000000000000001\MDU=1'0.\o_sh_right' from process `$paramod\serv_decode\PRE_REGISTER=s32'00000000000000000000000000000001\MDU=1'0.$proc$/openlane/designs/serv_opt/src/rtl/serv_decode.v:255$1018'.
No latch inferred for signal `$paramod\serv_decode\PRE_REGISTER=s32'00000000000000000000000000000001\MDU=1'0.\o_mdu_op' from process `$paramod\serv_decode\PRE_REGISTER=s32'00000000000000000000000000000001\MDU=1'0.$proc$/openlane/designs/serv_opt/src/rtl/serv_decode.v:255$1018'.
No latch inferred for signal `$paramod\serv_decode\PRE_REGISTER=s32'00000000000000000000000000000001\MDU=1'0.\o_two_stage_op' from process `$paramod\serv_decode\PRE_REGISTER=s32'00000000000000000000000000000001\MDU=1'0.$proc$/openlane/designs/serv_opt/src/rtl/serv_decode.v:255$1018'.
No latch inferred for signal `$paramod\serv_decode\PRE_REGISTER=s32'00000000000000000000000000000001\MDU=1'0.\o_bufreg_rs1_en' from process `$paramod\serv_decode\PRE_REGISTER=s32'00000000000000000000000000000001\MDU=1'0.$proc$/openlane/designs/serv_opt/src/rtl/serv_decode.v:255$1018'.
No latch inferred for signal `$paramod\serv_decode\PRE_REGISTER=s32'00000000000000000000000000000001\MDU=1'0.\o_bufreg_imm_en' from process `$paramod\serv_decode\PRE_REGISTER=s32'00000000000000000000000000000001\MDU=1'0.$proc$/openlane/designs/serv_opt/src/rtl/serv_decode.v:255$1018'.
No latch inferred for signal `$paramod\serv_decode\PRE_REGISTER=s32'00000000000000000000000000000001\MDU=1'0.\o_bufreg_clr_lsb' from process `$paramod\serv_decode\PRE_REGISTER=s32'00000000000000000000000000000001\MDU=1'0.$proc$/openlane/designs/serv_opt/src/rtl/serv_decode.v:255$1018'.
No latch inferred for signal `$paramod\serv_decode\PRE_REGISTER=s32'00000000000000000000000000000001\MDU=1'0.\o_bufreg_sh_signed' from process `$paramod\serv_decode\PRE_REGISTER=s32'00000000000000000000000000000001\MDU=1'0.$proc$/openlane/designs/serv_opt/src/rtl/serv_decode.v:255$1018'.
No latch inferred for signal `$paramod\serv_decode\PRE_REGISTER=s32'00000000000000000000000000000001\MDU=1'0.\o_op_b_source' from process `$paramod\serv_decode\PRE_REGISTER=s32'00000000000000000000000000000001\MDU=1'0.$proc$/openlane/designs/serv_opt/src/rtl/serv_decode.v:255$1018'.
No latch inferred for signal `$paramod\serv_decode\PRE_REGISTER=s32'00000000000000000000000000000001\MDU=1'0.\o_ctrl_jal_or_jalr' from process `$paramod\serv_decode\PRE_REGISTER=s32'00000000000000000000000000000001\MDU=1'0.$proc$/openlane/designs/serv_opt/src/rtl/serv_decode.v:255$1018'.
No latch inferred for signal `$paramod\serv_decode\PRE_REGISTER=s32'00000000000000000000000000000001\MDU=1'0.\o_ctrl_utype' from process `$paramod\serv_decode\PRE_REGISTER=s32'00000000000000000000000000000001\MDU=1'0.$proc$/openlane/designs/serv_opt/src/rtl/serv_decode.v:255$1018'.
No latch inferred for signal `$paramod\serv_decode\PRE_REGISTER=s32'00000000000000000000000000000001\MDU=1'0.\o_ctrl_pc_rel' from process `$paramod\serv_decode\PRE_REGISTER=s32'00000000000000000000000000000001\MDU=1'0.$proc$/openlane/designs/serv_opt/src/rtl/serv_decode.v:255$1018'.
No latch inferred for signal `$paramod\serv_decode\PRE_REGISTER=s32'00000000000000000000000000000001\MDU=1'0.\o_ctrl_mret' from process `$paramod\serv_decode\PRE_REGISTER=s32'00000000000000000000000000000001\MDU=1'0.$proc$/openlane/designs/serv_opt/src/rtl/serv_decode.v:255$1018'.
No latch inferred for signal `$paramod\serv_decode\PRE_REGISTER=s32'00000000000000000000000000000001\MDU=1'0.\o_alu_sub' from process `$paramod\serv_decode\PRE_REGISTER=s32'00000000000000000000000000000001\MDU=1'0.$proc$/openlane/designs/serv_opt/src/rtl/serv_decode.v:255$1018'.
No latch inferred for signal `$paramod\serv_decode\PRE_REGISTER=s32'00000000000000000000000000000001\MDU=1'0.\o_alu_bool_op' from process `$paramod\serv_decode\PRE_REGISTER=s32'00000000000000000000000000000001\MDU=1'0.$proc$/openlane/designs/serv_opt/src/rtl/serv_decode.v:255$1018'.
No latch inferred for signal `$paramod\serv_decode\PRE_REGISTER=s32'00000000000000000000000000000001\MDU=1'0.\o_alu_cmp_eq' from process `$paramod\serv_decode\PRE_REGISTER=s32'00000000000000000000000000000001\MDU=1'0.$proc$/openlane/designs/serv_opt/src/rtl/serv_decode.v:255$1018'.
No latch inferred for signal `$paramod\serv_decode\PRE_REGISTER=s32'00000000000000000000000000000001\MDU=1'0.\o_alu_cmp_sig' from process `$paramod\serv_decode\PRE_REGISTER=s32'00000000000000000000000000000001\MDU=1'0.$proc$/openlane/designs/serv_opt/src/rtl/serv_decode.v:255$1018'.
No latch inferred for signal `$paramod\serv_decode\PRE_REGISTER=s32'00000000000000000000000000000001\MDU=1'0.\o_alu_rd_sel' from process `$paramod\serv_decode\PRE_REGISTER=s32'00000000000000000000000000000001\MDU=1'0.$proc$/openlane/designs/serv_opt/src/rtl/serv_decode.v:255$1018'.
No latch inferred for signal `$paramod\serv_decode\PRE_REGISTER=s32'00000000000000000000000000000001\MDU=1'0.\o_mem_cmd' from process `$paramod\serv_decode\PRE_REGISTER=s32'00000000000000000000000000000001\MDU=1'0.$proc$/openlane/designs/serv_opt/src/rtl/serv_decode.v:255$1018'.
No latch inferred for signal `$paramod\serv_decode\PRE_REGISTER=s32'00000000000000000000000000000001\MDU=1'0.\o_mem_signed' from process `$paramod\serv_decode\PRE_REGISTER=s32'00000000000000000000000000000001\MDU=1'0.$proc$/openlane/designs/serv_opt/src/rtl/serv_decode.v:255$1018'.
No latch inferred for signal `$paramod\serv_decode\PRE_REGISTER=s32'00000000000000000000000000000001\MDU=1'0.\o_mem_word' from process `$paramod\serv_decode\PRE_REGISTER=s32'00000000000000000000000000000001\MDU=1'0.$proc$/openlane/designs/serv_opt/src/rtl/serv_decode.v:255$1018'.
No latch inferred for signal `$paramod\serv_decode\PRE_REGISTER=s32'00000000000000000000000000000001\MDU=1'0.\o_mem_half' from process `$paramod\serv_decode\PRE_REGISTER=s32'00000000000000000000000000000001\MDU=1'0.$proc$/openlane/designs/serv_opt/src/rtl/serv_decode.v:255$1018'.
No latch inferred for signal `$paramod\serv_decode\PRE_REGISTER=s32'00000000000000000000000000000001\MDU=1'0.\o_csr_en' from process `$paramod\serv_decode\PRE_REGISTER=s32'00000000000000000000000000000001\MDU=1'0.$proc$/openlane/designs/serv_opt/src/rtl/serv_decode.v:255$1018'.
No latch inferred for signal `$paramod\serv_decode\PRE_REGISTER=s32'00000000000000000000000000000001\MDU=1'0.\o_csr_addr' from process `$paramod\serv_decode\PRE_REGISTER=s32'00000000000000000000000000000001\MDU=1'0.$proc$/openlane/designs/serv_opt/src/rtl/serv_decode.v:255$1018'.
No latch inferred for signal `$paramod\serv_decode\PRE_REGISTER=s32'00000000000000000000000000000001\MDU=1'0.\o_csr_mstatus_en' from process `$paramod\serv_decode\PRE_REGISTER=s32'00000000000000000000000000000001\MDU=1'0.$proc$/openlane/designs/serv_opt/src/rtl/serv_decode.v:255$1018'.
No latch inferred for signal `$paramod\serv_decode\PRE_REGISTER=s32'00000000000000000000000000000001\MDU=1'0.\o_csr_mie_en' from process `$paramod\serv_decode\PRE_REGISTER=s32'00000000000000000000000000000001\MDU=1'0.$proc$/openlane/designs/serv_opt/src/rtl/serv_decode.v:255$1018'.
No latch inferred for signal `$paramod\serv_decode\PRE_REGISTER=s32'00000000000000000000000000000001\MDU=1'0.\o_csr_mcause_en' from process `$paramod\serv_decode\PRE_REGISTER=s32'00000000000000000000000000000001\MDU=1'0.$proc$/openlane/designs/serv_opt/src/rtl/serv_decode.v:255$1018'.
No latch inferred for signal `$paramod\serv_decode\PRE_REGISTER=s32'00000000000000000000000000000001\MDU=1'0.\o_csr_source' from process `$paramod\serv_decode\PRE_REGISTER=s32'00000000000000000000000000000001\MDU=1'0.$proc$/openlane/designs/serv_opt/src/rtl/serv_decode.v:255$1018'.
No latch inferred for signal `$paramod\serv_decode\PRE_REGISTER=s32'00000000000000000000000000000001\MDU=1'0.\o_csr_d_sel' from process `$paramod\serv_decode\PRE_REGISTER=s32'00000000000000000000000000000001\MDU=1'0.$proc$/openlane/designs/serv_opt/src/rtl/serv_decode.v:255$1018'.
No latch inferred for signal `$paramod\serv_decode\PRE_REGISTER=s32'00000000000000000000000000000001\MDU=1'0.\o_csr_imm_en' from process `$paramod\serv_decode\PRE_REGISTER=s32'00000000000000000000000000000001\MDU=1'0.$proc$/openlane/designs/serv_opt/src/rtl/serv_decode.v:255$1018'.
No latch inferred for signal `$paramod\serv_decode\PRE_REGISTER=s32'00000000000000000000000000000001\MDU=1'0.\o_mtval_pc' from process `$paramod\serv_decode\PRE_REGISTER=s32'00000000000000000000000000000001\MDU=1'0.$proc$/openlane/designs/serv_opt/src/rtl/serv_decode.v:255$1018'.
No latch inferred for signal `$paramod\serv_decode\PRE_REGISTER=s32'00000000000000000000000000000001\MDU=1'0.\o_immdec_ctrl' from process `$paramod\serv_decode\PRE_REGISTER=s32'00000000000000000000000000000001\MDU=1'0.$proc$/openlane/designs/serv_opt/src/rtl/serv_decode.v:255$1018'.
No latch inferred for signal `$paramod\serv_decode\PRE_REGISTER=s32'00000000000000000000000000000001\MDU=1'0.\o_immdec_en' from process `$paramod\serv_decode\PRE_REGISTER=s32'00000000000000000000000000000001\MDU=1'0.$proc$/openlane/designs/serv_opt/src/rtl/serv_decode.v:255$1018'.
No latch inferred for signal `$paramod\serv_decode\PRE_REGISTER=s32'00000000000000000000000000000001\MDU=1'0.\o_rd_mem_en' from process `$paramod\serv_decode\PRE_REGISTER=s32'00000000000000000000000000000001\MDU=1'0.$proc$/openlane/designs/serv_opt/src/rtl/serv_decode.v:255$1018'.
No latch inferred for signal `$paramod\serv_decode\PRE_REGISTER=s32'00000000000000000000000000000001\MDU=1'0.\o_rd_csr_en' from process `$paramod\serv_decode\PRE_REGISTER=s32'00000000000000000000000000000001\MDU=1'0.$proc$/openlane/designs/serv_opt/src/rtl/serv_decode.v:255$1018'.
No latch inferred for signal `$paramod\serv_decode\PRE_REGISTER=s32'00000000000000000000000000000001\MDU=1'0.\o_rd_alu_en' from process `$paramod\serv_decode\PRE_REGISTER=s32'00000000000000000000000000000001\MDU=1'0.$proc$/openlane/designs/serv_opt/src/rtl/serv_decode.v:255$1018'.

31. Executing PROC_DFF pass (convert process syncs to FFs).
Creating register for signal `$paramod\serv_immdec\W=s32'00000000000000000000000000000001.\gen_immdec_w_eq_1.imm31' using process `$paramod\serv_immdec\W=s32'00000000000000000000000000000001.$proc$/openlane/designs/serv_opt/src/rtl/serv_immdec.v:49$861'.
  created $dff cell `$procdff$1239' with positive edge clock.
Creating register for signal `$paramod\serv_immdec\W=s32'00000000000000000000000000000001.\gen_immdec_w_eq_1.imm19_12_20' using process `$paramod\serv_immdec\W=s32'00000000000000000000000000000001.$proc$/openlane/designs/serv_opt/src/rtl/serv_immdec.v:49$861'.
  created $dff cell `$procdff$1240' with positive edge clock.
Creating register for signal `$paramod\serv_immdec\W=s32'00000000000000000000000000000001.\gen_immdec_w_eq_1.imm7' using process `$paramod\serv_immdec\W=s32'00000000000000000000000000000001.$proc$/openlane/designs/serv_opt/src/rtl/serv_immdec.v:49$861'.
  created $dff cell `$procdff$1241' with positive edge clock.
Creating register for signal `$paramod\serv_immdec\W=s32'00000000000000000000000000000001.\gen_immdec_w_eq_1.imm30_25' using process `$paramod\serv_immdec\W=s32'00000000000000000000000000000001.$proc$/openlane/designs/serv_opt/src/rtl/serv_immdec.v:49$861'.
  created $dff cell `$procdff$1242' with positive edge clock.
Creating register for signal `$paramod\serv_immdec\W=s32'00000000000000000000000000000001.\gen_immdec_w_eq_1.imm24_20' using process `$paramod\serv_immdec\W=s32'00000000000000000000000000000001.$proc$/openlane/designs/serv_opt/src/rtl/serv_immdec.v:49$861'.
  created $dff cell `$procdff$1243' with positive edge clock.
Creating register for signal `$paramod\serv_immdec\W=s32'00000000000000000000000000000001.\gen_immdec_w_eq_1.imm11_7' using process `$paramod\serv_immdec\W=s32'00000000000000000000000000000001.$proc$/openlane/designs/serv_opt/src/rtl/serv_immdec.v:49$861'.
  created $dff cell `$procdff$1244' with positive edge clock.
Creating register for signal `$paramod\serv_bufreg\MDU=1'0\W=s32'00000000000000000000000000000001.\data' using process `$paramod\serv_bufreg\MDU=1'0\W=s32'00000000000000000000000000000001.$proc$/openlane/designs/serv_opt/src/rtl/serv_bufreg.v:62$850'.
  created $dff cell `$procdff$1245' with positive edge clock.
Creating register for signal `$paramod\serv_bufreg\MDU=1'0\W=s32'00000000000000000000000000000001.\c_r' using process `$paramod\serv_bufreg\MDU=1'0\W=s32'00000000000000000000000000000001.$proc$/openlane/designs/serv_opt/src/rtl/serv_bufreg.v:54$848'.
  created $dff cell `$procdff$1246' with positive edge clock.
Creating register for signal `$paramod\serv_bufreg2\W=s32'00000000000000000000000000000001.\dhi' using process `$paramod\serv_bufreg2\W=s32'00000000000000000000000000000001.$proc$/openlane/designs/serv_opt/src/rtl/serv_bufreg2.v:98$829'.
  created $dff cell `$procdff$1247' with positive edge clock.
Creating register for signal `$paramod\serv_bufreg2\W=s32'00000000000000000000000000000001.\dlo' using process `$paramod\serv_bufreg2\W=s32'00000000000000000000000000000001.$proc$/openlane/designs/serv_opt/src/rtl/serv_bufreg2.v:98$829'.
  created $dff cell `$procdff$1248' with positive edge clock.
Creating register for signal `$paramod$9612b4840d8ba9073515f47ec1c47f8b049edc33\serv_ctrl.\o_ibus_adr' using process `$paramod$9612b4840d8ba9073515f47ec1c47f8b049edc33\serv_ctrl.$proc$/openlane/designs/serv_opt/src/rtl/serv_ctrl.v:103$776'.
  created $dff cell `$procdff$1249' with positive edge clock.
Creating register for signal `$paramod$9612b4840d8ba9073515f47ec1c47f8b049edc33\serv_ctrl.\pc_plus_4_cy_r' using process `$paramod$9612b4840d8ba9073515f47ec1c47f8b049edc33\serv_ctrl.$proc$/openlane/designs/serv_opt/src/rtl/serv_ctrl.v:103$776'.
  created $dff cell `$procdff$1250' with positive edge clock.
Creating register for signal `$paramod$9612b4840d8ba9073515f47ec1c47f8b049edc33\serv_ctrl.\pc_plus_offset_cy_r' using process `$paramod$9612b4840d8ba9073515f47ec1c47f8b049edc33\serv_ctrl.$proc$/openlane/designs/serv_opt/src/rtl/serv_ctrl.v:103$776'.
  created $dff cell `$procdff$1251' with positive edge clock.
Creating register for signal `$paramod\serv_alu\W=s32'00000000000000000000000000000001.\cmp_r' using process `$paramod\serv_alu\W=s32'00000000000000000000000000000001.$proc$/openlane/designs/serv_opt/src/rtl/serv_alu.v:79$762'.
  created $dff cell `$procdff$1252' with positive edge clock.
Creating register for signal `$paramod\serv_alu\W=s32'00000000000000000000000000000001.\add_cy_r' using process `$paramod\serv_alu\W=s32'00000000000000000000000000000001.$proc$/openlane/designs/serv_opt/src/rtl/serv_alu.v:79$762'.
  created $dff cell `$procdff$1253' with positive edge clock.
Creating register for signal `$paramod\serv_mem_if\WITH_CSR=1'1\W=s32'00000000000000000000000000000001.\signbit' using process `$paramod\serv_mem_if\WITH_CSR=1'1\W=s32'00000000000000000000000000000001.$proc$/openlane/designs/serv_opt/src/rtl/serv_mem_if.v:47$702'.
  created $dff cell `$procdff$1254' with positive edge clock.
Creating register for signal `$paramod$3e7b4dd89124d05b1503dd2b902960520f2771f4\serv_csr.\o_new_irq' using process `$paramod$3e7b4dd89124d05b1503dd2b902960520f2771f4\serv_csr.$proc$/openlane/designs/serv_opt/src/rtl/serv_csr.v:98$640'.
  created $dff cell `$procdff$1255' with positive edge clock.
Creating register for signal `$paramod$3e7b4dd89124d05b1503dd2b902960520f2771f4\serv_csr.\mstatus_mie' using process `$paramod$3e7b4dd89124d05b1503dd2b902960520f2771f4\serv_csr.$proc$/openlane/designs/serv_opt/src/rtl/serv_csr.v:98$640'.
  created $dff cell `$procdff$1256' with positive edge clock.
Creating register for signal `$paramod$3e7b4dd89124d05b1503dd2b902960520f2771f4\serv_csr.\mstatus_mpie' using process `$paramod$3e7b4dd89124d05b1503dd2b902960520f2771f4\serv_csr.$proc$/openlane/designs/serv_opt/src/rtl/serv_csr.v:98$640'.
  created $dff cell `$procdff$1257' with positive edge clock.
Creating register for signal `$paramod$3e7b4dd89124d05b1503dd2b902960520f2771f4\serv_csr.\mie_mtie' using process `$paramod$3e7b4dd89124d05b1503dd2b902960520f2771f4\serv_csr.$proc$/openlane/designs/serv_opt/src/rtl/serv_csr.v:98$640'.
  created $dff cell `$procdff$1258' with positive edge clock.
Creating register for signal `$paramod$3e7b4dd89124d05b1503dd2b902960520f2771f4\serv_csr.\mcause31' using process `$paramod$3e7b4dd89124d05b1503dd2b902960520f2771f4\serv_csr.$proc$/openlane/designs/serv_opt/src/rtl/serv_csr.v:98$640'.
  created $dff cell `$procdff$1259' with positive edge clock.
Creating register for signal `$paramod$3e7b4dd89124d05b1503dd2b902960520f2771f4\serv_csr.\mcause3_0' using process `$paramod$3e7b4dd89124d05b1503dd2b902960520f2771f4\serv_csr.$proc$/openlane/designs/serv_opt/src/rtl/serv_csr.v:98$640'.
  created $dff cell `$procdff$1260' with positive edge clock.
Creating register for signal `$paramod$3e7b4dd89124d05b1503dd2b902960520f2771f4\serv_csr.\timer_irq_r' using process `$paramod$3e7b4dd89124d05b1503dd2b902960520f2771f4\serv_csr.$proc$/openlane/designs/serv_opt/src/rtl/serv_csr.v:98$640'.
  created $dff cell `$procdff$1261' with positive edge clock.
Creating register for signal `$paramod$64406fc4b3d365a8731348bc1f6cb4e4e0c79797\serv_rf_ram_if.\rdata1' using process `$paramod$64406fc4b3d365a8731348bc1f6cb4e4e0c79797\serv_rf_ram_if.$proc$/openlane/designs/serv_opt/src/rtl/serv_rf_ram_if.v:154$1136'.
  created $dff cell `$procdff$1262' with positive edge clock.
Creating register for signal `$paramod$64406fc4b3d365a8731348bc1f6cb4e4e0c79797\serv_rf_ram_if.\rgnt' using process `$paramod$64406fc4b3d365a8731348bc1f6cb4e4e0c79797\serv_rf_ram_if.$proc$/openlane/designs/serv_opt/src/rtl/serv_rf_ram_if.v:158$1131'.
  created $dff cell `$procdff$1263' with positive edge clock.
Creating register for signal `$paramod$64406fc4b3d365a8731348bc1f6cb4e4e0c79797\serv_rf_ram_if.\rcnt' using process `$paramod$64406fc4b3d365a8731348bc1f6cb4e4e0c79797\serv_rf_ram_if.$proc$/openlane/designs/serv_opt/src/rtl/serv_rf_ram_if.v:158$1131'.
  created $dff cell `$procdff$1264' with positive edge clock.
Creating register for signal `$paramod$64406fc4b3d365a8731348bc1f6cb4e4e0c79797\serv_rf_ram_if.\rtrig1' using process `$paramod$64406fc4b3d365a8731348bc1f6cb4e4e0c79797\serv_rf_ram_if.$proc$/openlane/designs/serv_opt/src/rtl/serv_rf_ram_if.v:158$1131'.
  created $dff cell `$procdff$1265' with positive edge clock.
Creating register for signal `$paramod$64406fc4b3d365a8731348bc1f6cb4e4e0c79797\serv_rf_ram_if.\rdata0' using process `$paramod$64406fc4b3d365a8731348bc1f6cb4e4e0c79797\serv_rf_ram_if.$proc$/openlane/designs/serv_opt/src/rtl/serv_rf_ram_if.v:158$1131'.
  created $dff cell `$procdff$1266' with positive edge clock.
Creating register for signal `$paramod$64406fc4b3d365a8731348bc1f6cb4e4e0c79797\serv_rf_ram_if.\rgate' using process `$paramod$64406fc4b3d365a8731348bc1f6cb4e4e0c79797\serv_rf_ram_if.$proc$/openlane/designs/serv_opt/src/rtl/serv_rf_ram_if.v:158$1131'.
  created $dff cell `$procdff$1267' with positive edge clock.
Creating register for signal `$paramod$64406fc4b3d365a8731348bc1f6cb4e4e0c79797\serv_rf_ram_if.\rreq_r' using process `$paramod$64406fc4b3d365a8731348bc1f6cb4e4e0c79797\serv_rf_ram_if.$proc$/openlane/designs/serv_opt/src/rtl/serv_rf_ram_if.v:158$1131'.
  created $dff cell `$procdff$1268' with positive edge clock.
Creating register for signal `$paramod$64406fc4b3d365a8731348bc1f6cb4e4e0c79797\serv_rf_ram_if.\wdata0_r' using process `$paramod$64406fc4b3d365a8731348bc1f6cb4e4e0c79797\serv_rf_ram_if.$proc$/openlane/designs/serv_opt/src/rtl/serv_rf_ram_if.v:102$1127'.
  created $dff cell `$procdff$1269' with positive edge clock.
Creating register for signal `$paramod$64406fc4b3d365a8731348bc1f6cb4e4e0c79797\serv_rf_ram_if.\wdata1_r' using process `$paramod$64406fc4b3d365a8731348bc1f6cb4e4e0c79797\serv_rf_ram_if.$proc$/openlane/designs/serv_opt/src/rtl/serv_rf_ram_if.v:102$1127'.
  created $dff cell `$procdff$1270' with positive edge clock.
Creating register for signal `$paramod$64406fc4b3d365a8731348bc1f6cb4e4e0c79797\serv_rf_ram_if.\wen0_r' using process `$paramod$64406fc4b3d365a8731348bc1f6cb4e4e0c79797\serv_rf_ram_if.$proc$/openlane/designs/serv_opt/src/rtl/serv_rf_ram_if.v:102$1127'.
  created $dff cell `$procdff$1271' with positive edge clock.
Creating register for signal `$paramod$64406fc4b3d365a8731348bc1f6cb4e4e0c79797\serv_rf_ram_if.\wen1_r' using process `$paramod$64406fc4b3d365a8731348bc1f6cb4e4e0c79797\serv_rf_ram_if.$proc$/openlane/designs/serv_opt/src/rtl/serv_rf_ram_if.v:102$1127'.
  created $dff cell `$procdff$1272' with positive edge clock.
Creating register for signal `$paramod$f3cec78d1cfbbfc8778027792a43ce84e0717e5d\serv_state.\gen_csr.misalign_trap_sync_r' using process `$paramod$f3cec78d1cfbbfc8778027792a43ce84e0717e5d\serv_state.$proc$/openlane/designs/serv_opt/src/rtl/serv_state.v:230$1110'.
  created $dff cell `$procdff$1273' with positive edge clock.
Creating register for signal `$paramod$f3cec78d1cfbbfc8778027792a43ce84e0717e5d\serv_state.\o_cnt' using process `$paramod$f3cec78d1cfbbfc8778027792a43ce84e0717e5d\serv_state.$proc$/openlane/designs/serv_opt/src/rtl/serv_state.v:198$1103'.
  created $dff cell `$procdff$1274' with positive edge clock.
Creating register for signal `$paramod$f3cec78d1cfbbfc8778027792a43ce84e0717e5d\serv_state.\gen_cnt_w_eq_1.cnt_lsb' using process `$paramod$f3cec78d1cfbbfc8778027792a43ce84e0717e5d\serv_state.$proc$/openlane/designs/serv_opt/src/rtl/serv_state.v:198$1103'.
  created $dff cell `$procdff$1275' with positive edge clock.
Creating register for signal `$paramod$f3cec78d1cfbbfc8778027792a43ce84e0717e5d\serv_state.\o_ctrl_jump' using process `$paramod$f3cec78d1cfbbfc8778027792a43ce84e0717e5d\serv_state.$proc$/openlane/designs/serv_opt/src/rtl/serv_state.v:147$1093'.
  created $dff cell `$procdff$1276' with positive edge clock.
Creating register for signal `$paramod$f3cec78d1cfbbfc8778027792a43ce84e0717e5d\serv_state.\init_done' using process `$paramod$f3cec78d1cfbbfc8778027792a43ce84e0717e5d\serv_state.$proc$/openlane/designs/serv_opt/src/rtl/serv_state.v:147$1093'.
  created $dff cell `$procdff$1277' with positive edge clock.
Creating register for signal `$paramod$f3cec78d1cfbbfc8778027792a43ce84e0717e5d\serv_state.\ibus_cyc' using process `$paramod$f3cec78d1cfbbfc8778027792a43ce84e0717e5d\serv_state.$proc$/openlane/designs/serv_opt/src/rtl/serv_state.v:147$1093'.
  created $dff cell `$procdff$1278' with positive edge clock.
Creating register for signal `$paramod\serv_decode\PRE_REGISTER=s32'00000000000000000000000000000001\MDU=1'0.\opcode' using process `$paramod\serv_decode\PRE_REGISTER=s32'00000000000000000000000000000001\MDU=1'0.$proc$/openlane/designs/serv_opt/src/rtl/serv_decode.v:242$1017'.
  created $dff cell `$procdff$1279' with positive edge clock.
Creating register for signal `$paramod\serv_decode\PRE_REGISTER=s32'00000000000000000000000000000001\MDU=1'0.\funct3' using process `$paramod\serv_decode\PRE_REGISTER=s32'00000000000000000000000000000001\MDU=1'0.$proc$/openlane/designs/serv_opt/src/rtl/serv_decode.v:242$1017'.
  created $dff cell `$procdff$1280' with positive edge clock.
Creating register for signal `$paramod\serv_decode\PRE_REGISTER=s32'00000000000000000000000000000001\MDU=1'0.\op20' using process `$paramod\serv_decode\PRE_REGISTER=s32'00000000000000000000000000000001\MDU=1'0.$proc$/openlane/designs/serv_opt/src/rtl/serv_decode.v:242$1017'.
  created $dff cell `$procdff$1281' with positive edge clock.
Creating register for signal `$paramod\serv_decode\PRE_REGISTER=s32'00000000000000000000000000000001\MDU=1'0.\op21' using process `$paramod\serv_decode\PRE_REGISTER=s32'00000000000000000000000000000001\MDU=1'0.$proc$/openlane/designs/serv_opt/src/rtl/serv_decode.v:242$1017'.
  created $dff cell `$procdff$1282' with positive edge clock.
Creating register for signal `$paramod\serv_decode\PRE_REGISTER=s32'00000000000000000000000000000001\MDU=1'0.\op22' using process `$paramod\serv_decode\PRE_REGISTER=s32'00000000000000000000000000000001\MDU=1'0.$proc$/openlane/designs/serv_opt/src/rtl/serv_decode.v:242$1017'.
  created $dff cell `$procdff$1283' with positive edge clock.
Creating register for signal `$paramod\serv_decode\PRE_REGISTER=s32'00000000000000000000000000000001\MDU=1'0.\op26' using process `$paramod\serv_decode\PRE_REGISTER=s32'00000000000000000000000000000001\MDU=1'0.$proc$/openlane/designs/serv_opt/src/rtl/serv_decode.v:242$1017'.
  created $dff cell `$procdff$1284' with positive edge clock.
Creating register for signal `$paramod\serv_decode\PRE_REGISTER=s32'00000000000000000000000000000001\MDU=1'0.\imm25' using process `$paramod\serv_decode\PRE_REGISTER=s32'00000000000000000000000000000001\MDU=1'0.$proc$/openlane/designs/serv_opt/src/rtl/serv_decode.v:242$1017'.
  created $dff cell `$procdff$1285' with positive edge clock.
Creating register for signal `$paramod\serv_decode\PRE_REGISTER=s32'00000000000000000000000000000001\MDU=1'0.\imm30' using process `$paramod\serv_decode\PRE_REGISTER=s32'00000000000000000000000000000001\MDU=1'0.$proc$/openlane/designs/serv_opt/src/rtl/serv_decode.v:242$1017'.
  created $dff cell `$procdff$1286' with positive edge clock.

32. Executing PROC_MEMWR pass (convert process memory writes to cells).

33. Executing PROC_CLEAN pass (remove empty switches from decision trees).
Found and cleaned up 6 empty switches in `$paramod\serv_immdec\W=s32'00000000000000000000000000000001.$proc$/openlane/designs/serv_opt/src/rtl/serv_immdec.v:49$861'.
Removing empty process `$paramod\serv_immdec\W=s32'00000000000000000000000000000001.$proc$/openlane/designs/serv_opt/src/rtl/serv_immdec.v:49$861'.
Found and cleaned up 2 empty switches in `$paramod\serv_bufreg\MDU=1'0\W=s32'00000000000000000000000000000001.$proc$/openlane/designs/serv_opt/src/rtl/serv_bufreg.v:62$850'.
Removing empty process `$paramod\serv_bufreg\MDU=1'0\W=s32'00000000000000000000000000000001.$proc$/openlane/designs/serv_opt/src/rtl/serv_bufreg.v:62$850'.
Removing empty process `$paramod\serv_bufreg\MDU=1'0\W=s32'00000000000000000000000000000001.$proc$/openlane/designs/serv_opt/src/rtl/serv_bufreg.v:54$848'.
Found and cleaned up 2 empty switches in `$paramod\serv_bufreg2\W=s32'00000000000000000000000000000001.$proc$/openlane/designs/serv_opt/src/rtl/serv_bufreg2.v:98$829'.
Removing empty process `$paramod\serv_bufreg2\W=s32'00000000000000000000000000000001.$proc$/openlane/designs/serv_opt/src/rtl/serv_bufreg2.v:98$829'.
Found and cleaned up 1 empty switch in `$paramod$9612b4840d8ba9073515f47ec1c47f8b049edc33\serv_ctrl.$proc$/openlane/designs/serv_opt/src/rtl/serv_ctrl.v:103$776'.
Removing empty process `$paramod$9612b4840d8ba9073515f47ec1c47f8b049edc33\serv_ctrl.$proc$/openlane/designs/serv_opt/src/rtl/serv_ctrl.v:103$776'.
Found and cleaned up 1 empty switch in `$paramod\serv_alu\W=s32'00000000000000000000000000000001.$proc$/openlane/designs/serv_opt/src/rtl/serv_alu.v:79$762'.
Removing empty process `$paramod\serv_alu\W=s32'00000000000000000000000000000001.$proc$/openlane/designs/serv_opt/src/rtl/serv_alu.v:79$762'.
Found and cleaned up 1 empty switch in `$paramod\serv_mem_if\WITH_CSR=1'1\W=s32'00000000000000000000000000000001.$proc$/openlane/designs/serv_opt/src/rtl/serv_mem_if.v:47$702'.
Removing empty process `$paramod\serv_mem_if\WITH_CSR=1'1\W=s32'00000000000000000000000000000001.$proc$/openlane/designs/serv_opt/src/rtl/serv_mem_if.v:47$702'.
Found and cleaned up 7 empty switches in `$paramod$3e7b4dd89124d05b1503dd2b902960520f2771f4\serv_csr.$proc$/openlane/designs/serv_opt/src/rtl/serv_csr.v:98$640'.
Removing empty process `$paramod$3e7b4dd89124d05b1503dd2b902960520f2771f4\serv_csr.$proc$/openlane/designs/serv_opt/src/rtl/serv_csr.v:98$640'.
Found and cleaned up 1 empty switch in `$paramod$64406fc4b3d365a8731348bc1f6cb4e4e0c79797\serv_rf_ram_if.$proc$/openlane/designs/serv_opt/src/rtl/serv_rf_ram_if.v:154$1136'.
Removing empty process `$paramod$64406fc4b3d365a8731348bc1f6cb4e4e0c79797\serv_rf_ram_if.$proc$/openlane/designs/serv_opt/src/rtl/serv_rf_ram_if.v:154$1136'.
Found and cleaned up 4 empty switches in `$paramod$64406fc4b3d365a8731348bc1f6cb4e4e0c79797\serv_rf_ram_if.$proc$/openlane/designs/serv_opt/src/rtl/serv_rf_ram_if.v:158$1131'.
Removing empty process `$paramod$64406fc4b3d365a8731348bc1f6cb4e4e0c79797\serv_rf_ram_if.$proc$/openlane/designs/serv_opt/src/rtl/serv_rf_ram_if.v:158$1131'.
Found and cleaned up 1 empty switch in `$paramod$64406fc4b3d365a8731348bc1f6cb4e4e0c79797\serv_rf_ram_if.$proc$/openlane/designs/serv_opt/src/rtl/serv_rf_ram_if.v:102$1127'.
Removing empty process `$paramod$64406fc4b3d365a8731348bc1f6cb4e4e0c79797\serv_rf_ram_if.$proc$/openlane/designs/serv_opt/src/rtl/serv_rf_ram_if.v:102$1127'.
Found and cleaned up 1 empty switch in `$paramod$f3cec78d1cfbbfc8778027792a43ce84e0717e5d\serv_state.$proc$/openlane/designs/serv_opt/src/rtl/serv_state.v:230$1110'.
Removing empty process `$paramod$f3cec78d1cfbbfc8778027792a43ce84e0717e5d\serv_state.$proc$/openlane/designs/serv_opt/src/rtl/serv_state.v:230$1110'.
Found and cleaned up 1 empty switch in `$paramod$f3cec78d1cfbbfc8778027792a43ce84e0717e5d\serv_state.$proc$/openlane/designs/serv_opt/src/rtl/serv_state.v:198$1103'.
Removing empty process `$paramod$f3cec78d1cfbbfc8778027792a43ce84e0717e5d\serv_state.$proc$/openlane/designs/serv_opt/src/rtl/serv_state.v:198$1103'.
Found and cleaned up 3 empty switches in `$paramod$f3cec78d1cfbbfc8778027792a43ce84e0717e5d\serv_state.$proc$/openlane/designs/serv_opt/src/rtl/serv_state.v:147$1093'.
Removing empty process `$paramod$f3cec78d1cfbbfc8778027792a43ce84e0717e5d\serv_state.$proc$/openlane/designs/serv_opt/src/rtl/serv_state.v:147$1093'.
Removing empty process `$paramod\serv_decode\PRE_REGISTER=s32'00000000000000000000000000000001\MDU=1'0.$proc$/openlane/designs/serv_opt/src/rtl/serv_decode.v:255$1018'.
Found and cleaned up 1 empty switch in `$paramod\serv_decode\PRE_REGISTER=s32'00000000000000000000000000000001\MDU=1'0.$proc$/openlane/designs/serv_opt/src/rtl/serv_decode.v:242$1017'.
Removing empty process `$paramod\serv_decode\PRE_REGISTER=s32'00000000000000000000000000000001\MDU=1'0.$proc$/openlane/designs/serv_opt/src/rtl/serv_decode.v:242$1017'.
Cleaned up 32 empty switches.

34. Executing CHECK pass (checking for obvious problems).
Checking module $paramod\serv_immdec\W=s32'00000000000000000000000000000001...
Checking module $paramod\serv_bufreg\MDU=1'0\W=s32'00000000000000000000000000000001...
Checking module $paramod\serv_bufreg2\W=s32'00000000000000000000000000000001...
Checking module $paramod$9612b4840d8ba9073515f47ec1c47f8b049edc33\serv_ctrl...
Checking module $paramod\serv_alu\W=s32'00000000000000000000000000000001...
Checking module $paramod$e1f948ce0562a6173fd622abd894e278bdd3effe\serv_rf_if...
Checking module $paramod\serv_mem_if\WITH_CSR=1'1\W=s32'00000000000000000000000000000001...
Checking module $paramod$3e7b4dd89124d05b1503dd2b902960520f2771f4\serv_csr...
Checking module $paramod$64406fc4b3d365a8731348bc1f6cb4e4e0c79797\serv_rf_ram_if...
Checking module $paramod$9842920b055112136e167285e90bc4626b443db0\serv_top...
Checking module $paramod$f3cec78d1cfbbfc8778027792a43ce84e0717e5d\serv_state...
Checking module $paramod\serv_decode\PRE_REGISTER=s32'00000000000000000000000000000001\MDU=1'0...
Checking module serv_synth_wrapper...
Found and reported 0 problems.

35. Executing OPT_EXPR pass (perform const folding).
Optimizing module $paramod\serv_immdec\W=s32'00000000000000000000000000000001.
Optimizing module $paramod\serv_bufreg\MDU=1'0\W=s32'00000000000000000000000000000001.
<suppressed ~2 debug messages>
Optimizing module $paramod\serv_bufreg2\W=s32'00000000000000000000000000000001.
<suppressed ~2 debug messages>
Optimizing module $paramod$9612b4840d8ba9073515f47ec1c47f8b049edc33\serv_ctrl.
Optimizing module $paramod\serv_alu\W=s32'00000000000000000000000000000001.
<suppressed ~1 debug messages>
Optimizing module $paramod$e1f948ce0562a6173fd622abd894e278bdd3effe\serv_rf_if.
<suppressed ~1 debug messages>
Optimizing module $paramod\serv_mem_if\WITH_CSR=1'1\W=s32'00000000000000000000000000000001.
<suppressed ~3 debug messages>
Optimizing module $paramod$3e7b4dd89124d05b1503dd2b902960520f2771f4\serv_csr.
<suppressed ~1 debug messages>
Optimizing module $paramod$64406fc4b3d365a8731348bc1f6cb4e4e0c79797\serv_rf_ram_if.
<suppressed ~1 debug messages>
Optimizing module $paramod$9842920b055112136e167285e90bc4626b443db0\serv_top.
Optimizing module $paramod$f3cec78d1cfbbfc8778027792a43ce84e0717e5d\serv_state.
<suppressed ~14 debug messages>
Optimizing module $paramod\serv_decode\PRE_REGISTER=s32'00000000000000000000000000000001\MDU=1'0.
<suppressed ~15 debug messages>
Optimizing module serv_synth_wrapper.

36. Executing FLATTEN pass (flatten design).
Deleting now unused module $paramod\serv_immdec\W=s32'00000000000000000000000000000001.
Deleting now unused module $paramod\serv_bufreg\MDU=1'0\W=s32'00000000000000000000000000000001.
Deleting now unused module $paramod\serv_bufreg2\W=s32'00000000000000000000000000000001.
Deleting now unused module $paramod$9612b4840d8ba9073515f47ec1c47f8b049edc33\serv_ctrl.
Deleting now unused module $paramod\serv_alu\W=s32'00000000000000000000000000000001.
Deleting now unused module $paramod$e1f948ce0562a6173fd622abd894e278bdd3effe\serv_rf_if.
Deleting now unused module $paramod\serv_mem_if\WITH_CSR=1'1\W=s32'00000000000000000000000000000001.
Deleting now unused module $paramod$3e7b4dd89124d05b1503dd2b902960520f2771f4\serv_csr.
Deleting now unused module $paramod$64406fc4b3d365a8731348bc1f6cb4e4e0c79797\serv_rf_ram_if.
Deleting now unused module $paramod$9842920b055112136e167285e90bc4626b443db0\serv_top.
Deleting now unused module $paramod$f3cec78d1cfbbfc8778027792a43ce84e0717e5d\serv_state.
Deleting now unused module $paramod\serv_decode\PRE_REGISTER=s32'00000000000000000000000000000001\MDU=1'0.
<suppressed ~12 debug messages>

37. Executing OPT_EXPR pass (perform const folding).
Optimizing module serv_synth_wrapper.
<suppressed ~3 debug messages>

38. Executing OPT_CLEAN pass (remove unused cells and wires).
Finding unused cells or wires in module \serv_synth_wrapper..
Removed 10 unused cells and 311 unused wires.
<suppressed ~18 debug messages>

39. Executing OPT pass (performing simple optimizations).

39.1. Executing OPT_EXPR pass (perform const folding).
Optimizing module serv_synth_wrapper.

39.2. Executing OPT_MERGE pass (detect identical cells).
Finding identical cells in module `\serv_synth_wrapper'.
<suppressed ~210 debug messages>
Removed a total of 70 cells.

39.3. Executing OPT_MUXTREE pass (detect dead branches in mux trees).
Running muxtree optimizer on module \serv_synth_wrapper..
  Creating internal representation of mux trees.
  Evaluating internal representation of mux trees.
  Analyzing evaluation results.
Removed 0 multiplexer ports.
<suppressed ~63 debug messages>

39.4. Executing OPT_REDUCE pass (consolidate $*mux and $reduce_* inputs).
  Optimizing cells in module \serv_synth_wrapper.
Performed a total of 0 changes.

39.5. Executing OPT_MERGE pass (detect identical cells).
Finding identical cells in module `\serv_synth_wrapper'.
Removed a total of 0 cells.

39.6. Executing OPT_DFF pass (perform DFF optimizations).

39.7. Executing OPT_CLEAN pass (remove unused cells and wires).
Finding unused cells or wires in module \serv_synth_wrapper..
Removed 0 unused cells and 70 unused wires.
<suppressed ~1 debug messages>

39.8. Executing OPT_EXPR pass (perform const folding).
Optimizing module serv_synth_wrapper.

39.9. Rerunning OPT passes. (Maybe there is more to do..)

39.10. Executing OPT_MUXTREE pass (detect dead branches in mux trees).
Running muxtree optimizer on module \serv_synth_wrapper..
  Creating internal representation of mux trees.
  Evaluating internal representation of mux trees.
  Analyzing evaluation results.
Removed 0 multiplexer ports.
<suppressed ~63 debug messages>

39.11. Executing OPT_REDUCE pass (consolidate $*mux and $reduce_* inputs).
  Optimizing cells in module \serv_synth_wrapper.
Performed a total of 0 changes.

39.12. Executing OPT_MERGE pass (detect identical cells).
Finding identical cells in module `\serv_synth_wrapper'.
Removed a total of 0 cells.

39.13. Executing OPT_DFF pass (perform DFF optimizations).

39.14. Executing OPT_CLEAN pass (remove unused cells and wires).
Finding unused cells or wires in module \serv_synth_wrapper..

39.15. Executing OPT_EXPR pass (perform const folding).
Optimizing module serv_synth_wrapper.

39.16. Finished OPT passes. (There is nothing left to do.)

40. Executing FSM pass (extract and optimize FSM).

40.1. Executing FSM_DETECT pass (finding FSMs in design).

40.2. Executing FSM_EXTRACT pass (extracting FSM from design).

40.3. Executing FSM_OPT pass (simple optimizations of FSMs).

40.4. Executing OPT_CLEAN pass (remove unused cells and wires).
Finding unused cells or wires in module \serv_synth_wrapper..

40.5. Executing FSM_OPT pass (simple optimizations of FSMs).

40.6. Executing FSM_RECODE pass (re-assigning FSM state encoding).

40.7. Executing FSM_INFO pass (dumping all available information on FSM cells).

40.8. Executing FSM_MAP pass (mapping FSMs to basic logic).

41. Executing OPT pass (performing simple optimizations).

41.1. Executing OPT_EXPR pass (perform const folding).
Optimizing module serv_synth_wrapper.

41.2. Executing OPT_MERGE pass (detect identical cells).
Finding identical cells in module `\serv_synth_wrapper'.
Removed a total of 0 cells.

41.3. Executing OPT_MUXTREE pass (detect dead branches in mux trees).
Running muxtree optimizer on module \serv_synth_wrapper..
  Creating internal representation of mux trees.
  Evaluating internal representation of mux trees.
  Analyzing evaluation results.
Removed 0 multiplexer ports.
<suppressed ~63 debug messages>

41.4. Executing OPT_REDUCE pass (consolidate $*mux and $reduce_* inputs).
  Optimizing cells in module \serv_synth_wrapper.
Performed a total of 0 changes.

41.5. Executing OPT_MERGE pass (detect identical cells).
Finding identical cells in module `\serv_synth_wrapper'.
Removed a total of 0 cells.

41.6. Executing OPT_DFF pass (perform DFF optimizations).
Adding EN signal on $flatten\rf_ram_if.$procdff$1272 ($dff) from module serv_synth_wrapper (D = \rf_ram_if.i_wen1, Q = \rf_ram_if.wen1_r).
Adding EN signal on $flatten\rf_ram_if.$procdff$1271 ($dff) from module serv_synth_wrapper (D = \rf_ram_if.i_wen0, Q = \rf_ram_if.wen0_r).
Adding SRST signal on $flatten\rf_ram_if.$procdff$1268 ($dff) from module serv_synth_wrapper (D = \rf_ram_if.i_rreq, Q = \rf_ram_if.rreq_r, rval = 1'0).
Adding SRST signal on $flatten\rf_ram_if.$procdff$1266 ($dff) from module serv_synth_wrapper (D = \i_rdata [1], Q = \rf_ram_if.rdata0 [1], rval = 1'0).
Adding SRST signal on $flatten\rf_ram_if.$procdff$1264 ($dff) from module serv_synth_wrapper (D = $flatten\rf_ram_if.$procmux$1195_Y [1], Q = \rf_ram_if.rcnt [1], rval = 1'0).
Adding SRST signal on $flatten\rf_ram_if.$procdff$1264 ($dff) from module serv_synth_wrapper (D = { $flatten\rf_ram_if.$add$/openlane/designs/serv_opt/src/rtl/serv_rf_ram_if.v:163$1134_Y [4:2] $flatten\rf_ram_if.$add$/openlane/designs/serv_opt/src/rtl/serv_rf_ram_if.v:163$1134_Y [0] }, Q = { \rf_ram_if.rcnt [4:2] \rf_ram_if.rcnt [0] }, rval = 4'0000).
Adding SRST signal on $flatten\rf_ram_if.$procdff$1263 ($dff) from module serv_synth_wrapper (D = \rf_ram_if.rreq_r, Q = \rf_ram_if.rgnt, rval = 1'0).
Adding EN signal on $flatten\rf_ram_if.$procdff$1262 ($dff) from module serv_synth_wrapper (D = \i_rdata [1], Q = \rf_ram_if.rdata1).
Adding EN signal on $flatten\cpu.\state.$procdff$1278 ($dff) from module serv_synth_wrapper (D = $flatten\cpu.\ctrl.$or$/openlane/designs/serv_opt/src/rtl/serv_ctrl.v:111$779_Y, Q = \cpu.state.ibus_cyc).
Adding SRST signal on $flatten\cpu.\state.$procdff$1277 ($dff) from module serv_synth_wrapper (D = $flatten\cpu.\state.$procmux$1215_Y, Q = \cpu.state.init_done, rval = 1'0).
Adding EN signal on $auto$ff.cc:266:slice$1299 ($sdff) from module serv_synth_wrapper (D = $flatten\cpu.\state.$and$/openlane/designs/serv_opt/src/rtl/serv_state.v:161$1098_Y, Q = \cpu.state.init_done).
Adding SRST signal on $flatten\cpu.\state.$procdff$1276 ($dff) from module serv_synth_wrapper (D = $flatten\cpu.\state.$procmux$1219_Y, Q = \cpu.state.o_ctrl_jump, rval = 1'0).
Adding EN signal on $auto$ff.cc:266:slice$1301 ($sdff) from module serv_synth_wrapper (D = $flatten\cpu.\state.$and$/openlane/designs/serv_opt/src/rtl/serv_state.v:162$1099_Y, Q = \cpu.state.o_ctrl_jump).
Adding SRST signal on $flatten\cpu.\state.$procdff$1275 ($dff) from module serv_synth_wrapper (D = { \cpu.state.gen_cnt_w_eq_1.cnt_lsb [2:0] $flatten\cpu.\state.$or$/openlane/designs/serv_opt/src/rtl/serv_state.v:200$1107_Y }, Q = \cpu.state.gen_cnt_w_eq_1.cnt_lsb, rval = 4'0000).
Adding SRST signal on $flatten\cpu.\state.$procdff$1274 ($dff) from module serv_synth_wrapper (D = $flatten\cpu.\state.$add$/openlane/designs/serv_opt/src/rtl/serv_state.v:199$1104_Y, Q = \cpu.state.o_cnt, rval = 3'000).
Adding EN signal on $flatten\cpu.\state.$procdff$1273 ($dff) from module serv_synth_wrapper (D = $flatten\cpu.\state.$and$/openlane/designs/serv_opt/src/rtl/serv_state.v:232$1117_Y, Q = \cpu.state.gen_csr.misalign_trap_sync_r).
Adding EN signal on $flatten\cpu.\mem_if.$procdff$1254 ($dff) from module serv_synth_wrapper (D = \cpu.mem_if.i_bufreg2_q, Q = \cpu.mem_if.signbit).
Adding EN signal on $flatten\cpu.\immdec.$procdff$1244 ($dff) from module serv_synth_wrapper (D = $flatten\cpu.\immdec.$ternary$/openlane/designs/serv_opt/src/rtl/serv_immdec.v:66$878_Y, Q = \cpu.immdec.gen_immdec_w_eq_1.imm11_7).
Adding EN signal on $flatten\cpu.\immdec.$procdff$1243 ($dff) from module serv_synth_wrapper (D = $flatten\cpu.\immdec.$ternary$/openlane/designs/serv_opt/src/rtl/serv_immdec.v:63$875_Y, Q = \cpu.immdec.gen_immdec_w_eq_1.imm24_20).
Adding EN signal on $flatten\cpu.\immdec.$procdff$1242 ($dff) from module serv_synth_wrapper (D = $flatten\cpu.\immdec.$ternary$/openlane/designs/serv_opt/src/rtl/serv_immdec.v:60$872_Y, Q = \cpu.immdec.gen_immdec_w_eq_1.imm30_25).
Adding EN signal on $flatten\cpu.\immdec.$procdff$1241 ($dff) from module serv_synth_wrapper (D = $flatten\cpu.\immdec.$ternary$/openlane/designs/serv_opt/src/rtl/serv_immdec.v:57$867_Y, Q = \cpu.immdec.gen_immdec_w_eq_1.imm7).
Adding EN signal on $flatten\cpu.\immdec.$procdff$1240 ($dff) from module serv_synth_wrapper (D = $flatten\cpu.\immdec.$ternary$/openlane/designs/serv_opt/src/rtl/serv_immdec.v:55$865_Y, Q = \cpu.immdec.gen_immdec_w_eq_1.imm19_12_20).
Adding EN signal on $flatten\cpu.\immdec.$procdff$1239 ($dff) from module serv_synth_wrapper (D = \i_ibus_rdt [31], Q = \cpu.immdec.gen_immdec_w_eq_1.imm31).
Adding EN signal on $flatten\cpu.\gen_csr.csr.$procdff$1261 ($dff) from module serv_synth_wrapper (D = \cpu.gen_csr.csr.timer_irq, Q = \cpu.gen_csr.csr.timer_irq_r).
Adding EN signal on $flatten\cpu.\gen_csr.csr.$procdff$1260 ($dff) from module serv_synth_wrapper (D = { $flatten\cpu.\gen_csr.csr.$or$/openlane/designs/serv_opt/src/rtl/serv_csr.v:150$661_Y $flatten\cpu.\gen_csr.csr.$or$/openlane/designs/serv_opt/src/rtl/serv_csr.v:151$665_Y $flatten\cpu.\gen_csr.csr.$or$/openlane/designs/serv_opt/src/rtl/serv_csr.v:152$671_Y $flatten\cpu.\gen_csr.csr.$or$/openlane/designs/serv_opt/src/rtl/serv_csr.v:153$675_Y }, Q = \cpu.gen_csr.csr.mcause3_0).
Adding EN signal on $flatten\cpu.\gen_csr.csr.$procdff$1259 ($dff) from module serv_synth_wrapper (D = $flatten\cpu.\gen_csr.csr.$ternary$/openlane/designs/serv_opt/src/rtl/serv_csr.v:156$678_Y, Q = \cpu.gen_csr.csr.mcause31).
Adding SRST signal on $flatten\cpu.\gen_csr.csr.$procdff$1258 ($dff) from module serv_synth_wrapper (D = $flatten\cpu.\gen_csr.csr.$procmux$1175_Y, Q = \cpu.gen_csr.csr.mie_mtie, rval = 1'0).
Adding EN signal on $auto$ff.cc:266:slice$1316 ($sdff) from module serv_synth_wrapper (D = \cpu.gen_csr.csr.csr_in, Q = \cpu.gen_csr.csr.mie_mtie).
Adding EN signal on $flatten\cpu.\gen_csr.csr.$procdff$1257 ($dff) from module serv_synth_wrapper (D = \cpu.gen_csr.csr.mstatus_mie, Q = \cpu.gen_csr.csr.mstatus_mpie).
Adding EN signal on $flatten\cpu.\gen_csr.csr.$procdff$1256 ($dff) from module serv_synth_wrapper (D = $flatten\cpu.\gen_csr.csr.$and$/openlane/designs/serv_opt/src/rtl/serv_csr.v:118$651_Y, Q = \cpu.gen_csr.csr.mstatus_mie).
Adding SRST signal on $flatten\cpu.\gen_csr.csr.$procdff$1255 ($dff) from module serv_synth_wrapper (D = $flatten\cpu.\gen_csr.csr.$procmux$1183_Y, Q = \cpu.gen_csr.csr.o_new_irq, rval = 1'0).
Adding EN signal on $auto$ff.cc:266:slice$1320 ($sdff) from module serv_synth_wrapper (D = $flatten\cpu.\gen_csr.csr.$and$/openlane/designs/serv_opt/src/rtl/serv_csr.v:101$642_Y, Q = \cpu.gen_csr.csr.o_new_irq).
Adding EN signal on $flatten\cpu.\decode.$procdff$1286 ($dff) from module serv_synth_wrapper (D = \i_ibus_rdt [30], Q = \cpu.decode.imm30).
Adding EN signal on $flatten\cpu.\decode.$procdff$1284 ($dff) from module serv_synth_wrapper (D = \i_ibus_rdt [26], Q = \cpu.decode.op26).
Adding EN signal on $flatten\cpu.\decode.$procdff$1283 ($dff) from module serv_synth_wrapper (D = \i_ibus_rdt [22], Q = \cpu.decode.op22).
Adding EN signal on $flatten\cpu.\decode.$procdff$1282 ($dff) from module serv_synth_wrapper (D = \i_ibus_rdt [21], Q = \cpu.decode.op21).
Adding EN signal on $flatten\cpu.\decode.$procdff$1281 ($dff) from module serv_synth_wrapper (D = \i_ibus_rdt [20], Q = \cpu.decode.op20).
Adding EN signal on $flatten\cpu.\decode.$procdff$1280 ($dff) from module serv_synth_wrapper (D = \i_ibus_rdt [14:12], Q = \cpu.decode.funct3).
Adding EN signal on $flatten\cpu.\decode.$procdff$1279 ($dff) from module serv_synth_wrapper (D = \i_ibus_rdt [6:2], Q = \cpu.decode.opcode).
Adding EN signal on $flatten\cpu.\ctrl.$procdff$1249 ($dff) from module serv_synth_wrapper (D = $flatten\cpu.\ctrl.$ternary$/openlane/designs/serv_opt/src/rtl/serv_ctrl.v:112$780_Y, Q = \cpu.ctrl.o_ibus_adr).
Adding SRST signal on $auto$ff.cc:266:slice$1329 ($dffe) from module serv_synth_wrapper (D = { \cpu.ctrl.new_pc \cpu.ctrl.o_ibus_adr [31:1] }, Q = \cpu.ctrl.o_ibus_adr, rval = 0).
Adding EN signal on $flatten\cpu.\bufreg2.$procdff$1248 ($dff) from module serv_synth_wrapper (D = $flatten\cpu.\bufreg2.$ternary$/openlane/designs/serv_opt/src/rtl/serv_bufreg2.v:102$839_Y, Q = \cpu.bufreg2.dlo).
Adding EN signal on $flatten\cpu.\bufreg2.$procdff$1247 ($dff) from module serv_synth_wrapper (D = $flatten\cpu.\bufreg2.$ternary$/openlane/designs/serv_opt/src/rtl/serv_bufreg2.v:100$837_Y, Q = \cpu.bufreg2.dhi).
Adding EN signal on $flatten\cpu.\bufreg.$procdff$1245 ($dff) from module serv_synth_wrapper (D = { $flatten\cpu.\bufreg.$ternary$/openlane/designs/serv_opt/src/rtl/serv_bufreg.v:64$852_Y \cpu.bufreg.data [31:3] }, Q = \cpu.bufreg.data [31:2]).
Adding EN signal on $flatten\cpu.\bufreg.$procdff$1245 ($dff) from module serv_synth_wrapper (D = { $flatten\cpu.\bufreg.$ternary$/openlane/designs/serv_opt/src/rtl/serv_bufreg.v:67$855_Y \cpu.bufreg.data [1] }, Q = \cpu.bufreg.data [1:0]).
Adding EN signal on $flatten\cpu.\alu.$procdff$1252 ($dff) from module serv_synth_wrapper (D = \cpu.state.i_alu_cmp, Q = \cpu.alu.cmp_r).

41.7. Executing OPT_CLEAN pass (remove unused cells and wires).
Finding unused cells or wires in module \serv_synth_wrapper..
Removed 47 unused cells and 43 unused wires.
<suppressed ~48 debug messages>

41.8. Executing OPT_EXPR pass (perform const folding).
Optimizing module serv_synth_wrapper.

41.9. Rerunning OPT passes. (Maybe there is more to do..)

41.10. Executing OPT_MUXTREE pass (detect dead branches in mux trees).
Running muxtree optimizer on module \serv_synth_wrapper..
  Creating internal representation of mux trees.
  Evaluating internal representation of mux trees.
  Analyzing evaluation results.
Removed 0 multiplexer ports.
<suppressed ~33 debug messages>

41.11. Executing OPT_REDUCE pass (consolidate $*mux and $reduce_* inputs).
  Optimizing cells in module \serv_synth_wrapper.
Performed a total of 0 changes.

41.12. Executing OPT_MERGE pass (detect identical cells).
Finding identical cells in module `\serv_synth_wrapper'.
Removed a total of 0 cells.

41.13. Executing OPT_DFF pass (perform DFF optimizations).

41.14. Executing OPT_CLEAN pass (remove unused cells and wires).
Finding unused cells or wires in module \serv_synth_wrapper..

41.15. Executing OPT_EXPR pass (perform const folding).
Optimizing module serv_synth_wrapper.

41.16. Finished OPT passes. (There is nothing left to do.)

42. Executing WREDUCE pass (reducing word size of cells).
Removed top 3 bits (of 5) from mux cell serv_synth_wrapper.$flatten\rf_ram_if.$procmux$1195 ($mux).
Removed top 1 bits (of 2) from mux cell serv_synth_wrapper.$flatten\rf_ram_if.$procmux$1189 ($mux).
Removed top 4 bits (of 5) from port B of cell serv_synth_wrapper.$flatten\rf_ram_if.$add$/openlane/designs/serv_opt/src/rtl/serv_rf_ram_if.v:163$1134 ($add).
Removed top 29 bits (of 32) from port B of cell serv_synth_wrapper.$flatten\rf_ram_if.$sub$/openlane/designs/serv_opt/src/rtl/serv_rf_ram_if.v:100$1126 ($sub).
Removed top 27 bits (of 32) from port Y of cell serv_synth_wrapper.$flatten\rf_ram_if.$sub$/openlane/designs/serv_opt/src/rtl/serv_rf_ram_if.v:100$1126 ($sub).
Removed top 1 bits (of 2) from port B of cell serv_synth_wrapper.$flatten\cpu.\gen_csr.csr.$eq$/openlane/designs/serv_opt/src/rtl/serv_csr.v:68$619 ($eq).
Removed top 4 bits (of 6) from mux cell serv_synth_wrapper.$flatten\cpu.\rf_if.$ternary$/openlane/designs/serv_opt/src/rtl/serv_rf_if.v:89$720 ($mux).
Removed top 1 bits (of 2) from port A of cell serv_synth_wrapper.$flatten\cpu.\rf_if.$or$/openlane/designs/serv_opt/src/rtl/serv_rf_if.v:125$728 ($or).
Removed top 2 bits (of 8) from mux cell serv_synth_wrapper.$flatten\cpu.\bufreg2.$ternary$/openlane/designs/serv_opt/src/rtl/serv_bufreg2.v:82$817 ($mux).
Removed top 1 bits (of 2) from port B of cell serv_synth_wrapper.$flatten\cpu.\bufreg2.$eq$/openlane/designs/serv_opt/src/rtl/serv_bufreg2.v:93$823 ($eq).
Removed top 5 bits (of 6) from port B of cell serv_synth_wrapper.$flatten\cpu.\bufreg2.$sub$/openlane/designs/serv_opt/src/rtl/serv_bufreg2.v:76$840 ($sub).
Removed top 1 bits (of 2) from port A of cell serv_synth_wrapper.$flatten\cpu.\bufreg.$add$/openlane/designs/serv_opt/src/rtl/serv_bufreg.v:52$846 ($add).
Removed top 1 bits (of 2) from port B of cell serv_synth_wrapper.$flatten\cpu.\bufreg.$add$/openlane/designs/serv_opt/src/rtl/serv_bufreg.v:52$846 ($add).
Removed top 1 bits (of 2) from port B of cell serv_synth_wrapper.$flatten\cpu.\decode.$eq$/openlane/designs/serv_opt/src/rtl/serv_decode.v:227$1010 ($eq).
Removed top 1 bits (of 2) from port B of cell serv_synth_wrapper.$flatten\cpu.\decode.$eq$/openlane/designs/serv_opt/src/rtl/serv_decode.v:232$1016 ($eq).
Removed top 2 bits (of 3) from port B of cell serv_synth_wrapper.$flatten\cpu.\state.$eq$/openlane/designs/serv_opt/src/rtl/serv_state.v:86$1032 ($eq).
Removed top 1 bits (of 3) from port B of cell serv_synth_wrapper.$flatten\cpu.\state.$eq$/openlane/designs/serv_opt/src/rtl/serv_state.v:87$1034 ($eq).
Removed top 1 bits (of 3) from port B of cell serv_synth_wrapper.$flatten\cpu.\state.$eq$/openlane/designs/serv_opt/src/rtl/serv_state.v:88$1036 ($eq).
Removed top 2 bits (of 3) from port B of cell serv_synth_wrapper.$flatten\cpu.\state.$add$/openlane/designs/serv_opt/src/rtl/serv_state.v:199$1104 ($add).
Removed top 1 bits (of 2) from wire serv_synth_wrapper.$flatten\rf_ram_if.$0\rdata0[1:0].
Removed top 3 bits (of 5) from wire serv_synth_wrapper.$flatten\rf_ram_if.$procmux$1195_Y.
Removed top 4 bits (of 6) from wire serv_synth_wrapper.wreg1.

43. Executing PEEPOPT pass (run peephole optimizers).

44. Executing OPT_CLEAN pass (remove unused cells and wires).
Finding unused cells or wires in module \serv_synth_wrapper..
Removed 0 unused cells and 4 unused wires.
<suppressed ~1 debug messages>

45. Executing ALUMACC pass (create $alu and $macc cells).
Extracting $alu and $macc cells in module serv_synth_wrapper:
  creating $macc model for $flatten\cpu.\alu.$add$/openlane/designs/serv_opt/src/rtl/serv_alu.v:45$739 ($add).
  creating $macc model for $flatten\cpu.\alu.$add$/openlane/designs/serv_opt/src/rtl/serv_alu.v:45$740 ($add).
  creating $macc model for $flatten\cpu.\alu.$add$/openlane/designs/serv_opt/src/rtl/serv_alu.v:47$742 ($add).
  creating $macc model for $flatten\cpu.\alu.$add$/openlane/designs/serv_opt/src/rtl/serv_alu.v:47$743 ($add).
  creating $macc model for $flatten\cpu.\bufreg.$add$/openlane/designs/serv_opt/src/rtl/serv_bufreg.v:52$846 ($add).
  creating $macc model for $flatten\cpu.\bufreg.$add$/openlane/designs/serv_opt/src/rtl/serv_bufreg.v:52$847 ($add).
  creating $macc model for $flatten\cpu.\bufreg2.$sub$/openlane/designs/serv_opt/src/rtl/serv_bufreg2.v:76$840 ($sub).
  creating $macc model for $flatten\cpu.\ctrl.$add$/openlane/designs/serv_opt/src/rtl/serv_ctrl.v:70$764 ($add).
  creating $macc model for $flatten\cpu.\ctrl.$add$/openlane/designs/serv_opt/src/rtl/serv_ctrl.v:70$765 ($add).
  creating $macc model for $flatten\cpu.\ctrl.$add$/openlane/designs/serv_opt/src/rtl/serv_ctrl.v:87$772 ($add).
  creating $macc model for $flatten\cpu.\ctrl.$add$/openlane/designs/serv_opt/src/rtl/serv_ctrl.v:87$773 ($add).
  creating $macc model for $flatten\cpu.\state.$add$/openlane/designs/serv_opt/src/rtl/serv_state.v:199$1104 ($add).
  creating $macc model for $flatten\rf_ram_if.$add$/openlane/designs/serv_opt/src/rtl/serv_rf_ram_if.v:163$1134 ($add).
  creating $macc model for $flatten\rf_ram_if.$sub$/openlane/designs/serv_opt/src/rtl/serv_rf_ram_if.v:100$1126 ($sub).
  merging $macc model for $flatten\cpu.\ctrl.$add$/openlane/designs/serv_opt/src/rtl/serv_ctrl.v:87$772 into $flatten\cpu.\ctrl.$add$/openlane/designs/serv_opt/src/rtl/serv_ctrl.v:87$773.
  merging $macc model for $flatten\cpu.\ctrl.$add$/openlane/designs/serv_opt/src/rtl/serv_ctrl.v:70$764 into $flatten\cpu.\ctrl.$add$/openlane/designs/serv_opt/src/rtl/serv_ctrl.v:70$765.
  merging $macc model for $flatten\cpu.\bufreg.$add$/openlane/designs/serv_opt/src/rtl/serv_bufreg.v:52$846 into $flatten\cpu.\bufreg.$add$/openlane/designs/serv_opt/src/rtl/serv_bufreg.v:52$847.
  merging $macc model for $flatten\cpu.\alu.$add$/openlane/designs/serv_opt/src/rtl/serv_alu.v:47$742 into $flatten\cpu.\alu.$add$/openlane/designs/serv_opt/src/rtl/serv_alu.v:47$743.
  merging $macc model for $flatten\cpu.\alu.$add$/openlane/designs/serv_opt/src/rtl/serv_alu.v:45$739 into $flatten\cpu.\alu.$add$/openlane/designs/serv_opt/src/rtl/serv_alu.v:45$740.
  creating $alu model for $macc $flatten\cpu.\ctrl.$add$/openlane/designs/serv_opt/src/rtl/serv_ctrl.v:70$765.
  creating $alu model for $macc $flatten\cpu.\ctrl.$add$/openlane/designs/serv_opt/src/rtl/serv_ctrl.v:87$773.
  creating $alu model for $macc $flatten\cpu.\bufreg2.$sub$/openlane/designs/serv_opt/src/rtl/serv_bufreg2.v:76$840.
  creating $alu model for $macc $flatten\cpu.\bufreg.$add$/openlane/designs/serv_opt/src/rtl/serv_bufreg.v:52$847.
  creating $alu model for $macc $flatten\cpu.\state.$add$/openlane/designs/serv_opt/src/rtl/serv_state.v:199$1104.
  creating $alu model for $macc $flatten\cpu.\alu.$add$/openlane/designs/serv_opt/src/rtl/serv_alu.v:47$743.
  creating $alu model for $macc $flatten\rf_ram_if.$add$/openlane/designs/serv_opt/src/rtl/serv_rf_ram_if.v:163$1134.
  creating $alu model for $macc $flatten\cpu.\alu.$add$/openlane/designs/serv_opt/src/rtl/serv_alu.v:45$740.
  creating $alu model for $macc $flatten\rf_ram_if.$sub$/openlane/designs/serv_opt/src/rtl/serv_rf_ram_if.v:100$1126.
  creating $alu cell for $flatten\rf_ram_if.$sub$/openlane/designs/serv_opt/src/rtl/serv_rf_ram_if.v:100$1126: $auto$alumacc.cc:485:replace_alu$1339
  creating $alu cell for $flatten\cpu.\alu.$add$/openlane/designs/serv_opt/src/rtl/serv_alu.v:45$740: $auto$alumacc.cc:485:replace_alu$1342
  creating $alu cell for $flatten\rf_ram_if.$add$/openlane/designs/serv_opt/src/rtl/serv_rf_ram_if.v:163$1134: $auto$alumacc.cc:485:replace_alu$1345
  creating $alu cell for $flatten\cpu.\alu.$add$/openlane/designs/serv_opt/src/rtl/serv_alu.v:47$743: $auto$alumacc.cc:485:replace_alu$1348
  creating $alu cell for $flatten\cpu.\state.$add$/openlane/designs/serv_opt/src/rtl/serv_state.v:199$1104: $auto$alumacc.cc:485:replace_alu$1351
  creating $alu cell for $flatten\cpu.\bufreg.$add$/openlane/designs/serv_opt/src/rtl/serv_bufreg.v:52$847: $auto$alumacc.cc:485:replace_alu$1354
  creating $alu cell for $flatten\cpu.\bufreg2.$sub$/openlane/designs/serv_opt/src/rtl/serv_bufreg2.v:76$840: $auto$alumacc.cc:485:replace_alu$1357
  creating $alu cell for $flatten\cpu.\ctrl.$add$/openlane/designs/serv_opt/src/rtl/serv_ctrl.v:87$773: $auto$alumacc.cc:485:replace_alu$1360
  creating $alu cell for $flatten\cpu.\ctrl.$add$/openlane/designs/serv_opt/src/rtl/serv_ctrl.v:70$765: $auto$alumacc.cc:485:replace_alu$1363
  created 9 $alu and 0 $macc cells.

46. Executing SHARE pass (SAT-based resource sharing).

47. Executing OPT pass (performing simple optimizations).

47.1. Executing OPT_EXPR pass (perform const folding).
Optimizing module serv_synth_wrapper.

47.2. Executing OPT_MERGE pass (detect identical cells).
Finding identical cells in module `\serv_synth_wrapper'.
Removed a total of 0 cells.

47.3. Executing OPT_MUXTREE pass (detect dead branches in mux trees).
Running muxtree optimizer on module \serv_synth_wrapper..
  Creating internal representation of mux trees.
  Evaluating internal representation of mux trees.
  Analyzing evaluation results.
Removed 0 multiplexer ports.
<suppressed ~33 debug messages>

47.4. Executing OPT_REDUCE pass (consolidate $*mux and $reduce_* inputs).
  Optimizing cells in module \serv_synth_wrapper.
Performed a total of 0 changes.

47.5. Executing OPT_MERGE pass (detect identical cells).
Finding identical cells in module `\serv_synth_wrapper'.
Removed a total of 0 cells.

47.6. Executing OPT_DFF pass (perform DFF optimizations).

47.7. Executing OPT_CLEAN pass (remove unused cells and wires).
Finding unused cells or wires in module \serv_synth_wrapper..
Removed 5 unused cells and 5 unused wires.
<suppressed ~6 debug messages>

47.8. Executing OPT_EXPR pass (perform const folding).
Optimizing module serv_synth_wrapper.

47.9. Rerunning OPT passes. (Maybe there is more to do..)

47.10. Executing OPT_MUXTREE pass (detect dead branches in mux trees).
Running muxtree optimizer on module \serv_synth_wrapper..
  Creating internal representation of mux trees.
  Evaluating internal representation of mux trees.
  Analyzing evaluation results.
Removed 0 multiplexer ports.
<suppressed ~33 debug messages>

47.11. Executing OPT_REDUCE pass (consolidate $*mux and $reduce_* inputs).
  Optimizing cells in module \serv_synth_wrapper.
Performed a total of 0 changes.

47.12. Executing OPT_MERGE pass (detect identical cells).
Finding identical cells in module `\serv_synth_wrapper'.
Removed a total of 0 cells.

47.13. Executing OPT_DFF pass (perform DFF optimizations).

47.14. Executing OPT_CLEAN pass (remove unused cells and wires).
Finding unused cells or wires in module \serv_synth_wrapper..

47.15. Executing OPT_EXPR pass (perform const folding).
Optimizing module serv_synth_wrapper.

47.16. Finished OPT passes. (There is nothing left to do.)

48. Executing MEMORY pass.

48.1. Executing OPT_MEM pass (optimize memories).
Performed a total of 0 transformations.

48.2. Executing OPT_MEM_PRIORITY pass (removing unnecessary memory write priority relations).
Performed a total of 0 transformations.

48.3. Executing OPT_MEM_FEEDBACK pass (finding memory read-to-write feedback paths).

48.4. Executing MEMORY_BMUX2ROM pass (converting muxes to ROMs).

48.5. Executing MEMORY_DFF pass (merging $dff cells to $memrd).

48.6. Executing OPT_CLEAN pass (remove unused cells and wires).
Finding unused cells or wires in module \serv_synth_wrapper..

48.7. Executing MEMORY_SHARE pass (consolidating $memrd/$memwr cells).

48.8. Executing OPT_MEM_WIDEN pass (optimize memories where all ports are wide).
Performed a total of 0 transformations.

48.9. Executing OPT_CLEAN pass (remove unused cells and wires).
Finding unused cells or wires in module \serv_synth_wrapper..

48.10. Executing MEMORY_COLLECT pass (generating $mem cells).

49. Executing OPT_CLEAN pass (remove unused cells and wires).
Finding unused cells or wires in module \serv_synth_wrapper..

50. Executing OPT pass (performing simple optimizations).

50.1. Executing OPT_EXPR pass (perform const folding).
Optimizing module serv_synth_wrapper.
<suppressed ~8 debug messages>

50.2. Executing OPT_MERGE pass (detect identical cells).
Finding identical cells in module `\serv_synth_wrapper'.
Removed a total of 0 cells.

50.3. Executing OPT_DFF pass (perform DFF optimizations).

50.4. Executing OPT_CLEAN pass (remove unused cells and wires).
Finding unused cells or wires in module \serv_synth_wrapper..
Removed 3 unused cells and 6 unused wires.
<suppressed ~4 debug messages>

50.5. Finished fast OPT passes.

51. Executing MEMORY_MAP pass (converting memories to logic and flip-flops).

52. Executing OPT pass (performing simple optimizations).

52.1. Executing OPT_EXPR pass (perform const folding).
Optimizing module serv_synth_wrapper.

52.2. Executing OPT_MERGE pass (detect identical cells).
Finding identical cells in module `\serv_synth_wrapper'.
Removed a total of 0 cells.

52.3. Executing OPT_MUXTREE pass (detect dead branches in mux trees).
Running muxtree optimizer on module \serv_synth_wrapper..
  Creating internal representation of mux trees.
  Evaluating internal representation of mux trees.
  Analyzing evaluation results.
Removed 0 multiplexer ports.
<suppressed ~33 debug messages>

52.4. Executing OPT_REDUCE pass (consolidate $*mux and $reduce_* inputs).
  Optimizing cells in module \serv_synth_wrapper.
Performed a total of 0 changes.

52.5. Executing OPT_MERGE pass (detect identical cells).
Finding identical cells in module `\serv_synth_wrapper'.
Removed a total of 0 cells.

52.6. Executing OPT_SHARE pass.

52.7. Executing OPT_DFF pass (perform DFF optimizations).

52.8. Executing OPT_CLEAN pass (remove unused cells and wires).
Finding unused cells or wires in module \serv_synth_wrapper..

52.9. Executing OPT_EXPR pass (perform const folding).
Optimizing module serv_synth_wrapper.

52.10. Finished OPT passes. (There is nothing left to do.)

53. Executing TECHMAP pass (map to technology primitives).

53.1. Executing Verilog-2005 frontend: /build/bin/../share/yosys/techmap.v
Parsing Verilog input from `/build/bin/../share/yosys/techmap.v' to AST representation.
Generating RTLIL representation for module `\_90_simplemap_bool_ops'.
Generating RTLIL representation for module `\_90_simplemap_reduce_ops'.
Generating RTLIL representation for module `\_90_simplemap_logic_ops'.
Generating RTLIL representation for module `\_90_simplemap_compare_ops'.
Generating RTLIL representation for module `\_90_simplemap_various'.
Generating RTLIL representation for module `\_90_simplemap_registers'.
Generating RTLIL representation for module `\_90_shift_ops_shr_shl_sshl_sshr'.
Generating RTLIL representation for module `\_90_shift_shiftx'.
Generating RTLIL representation for module `\_90_fa'.
Generating RTLIL representation for module `\_90_lcu'.
Generating RTLIL representation for module `\_90_alu'.
Generating RTLIL representation for module `\_90_macc'.
Generating RTLIL representation for module `\_90_alumacc'.
Generating RTLIL representation for module `\$__div_mod_u'.
Generating RTLIL representation for module `\$__div_mod_trunc'.
Generating RTLIL representation for module `\_90_div'.
Generating RTLIL representation for module `\_90_mod'.
Generating RTLIL representation for module `\$__div_mod_floor'.
Generating RTLIL representation for module `\_90_divfloor'.
Generating RTLIL representation for module `\_90_modfloor'.
Generating RTLIL representation for module `\_90_pow'.
Generating RTLIL representation for module `\_90_pmux'.
Generating RTLIL representation for module `\_90_demux'.
Generating RTLIL representation for module `\_90_lut'.
Successfully finished Verilog frontend.

53.2. Continuing TECHMAP pass.
Using extmapper simplemap for cells of type $sdff.
Using extmapper simplemap for cells of type $dff.
Using extmapper simplemap for cells of type $dffe.
Using extmapper simplemap for cells of type $mux.
Using extmapper simplemap for cells of type $or.
Using template $paramod$1d1e68f77481583066c6d429218f48ea9d5739b3\_90_alu for cells of type $alu.
Using template $paramod$fc972a7a46956c1788f3cb5257b53c8f1df2d0cc\_90_alu for cells of type $alu.
Using extmapper simplemap for cells of type $and.
Using extmapper simplemap for cells of type $reduce_or.
Using template $paramod$b8c0a997bce700f23568a5ada79cc6781d1f5ca0\_90_alu for cells of type $alu.
Using extmapper simplemap for cells of type $eq.
Using extmapper simplemap for cells of type $not.
Using extmapper simplemap for cells of type $logic_not.
Using extmapper simplemap for cells of type $sdffe.
Using extmapper simplemap for cells of type $xor.
Using template $paramod$672a140277c71df8314410f22acc08d55222c3c7\_90_alu for cells of type $alu.
Using template $paramod$3ef7d3dd227da7627a99c5e5a6a4deb817573e39\_90_alu for cells of type $alu.
Using extmapper simplemap for cells of type $logic_or.
Using extmapper simplemap for cells of type $sdffce.
Using template $paramod$a04dd9d4d8b430140c4ff94b50470fb380fda2a0\_90_alu for cells of type $alu.
Using extmapper simplemap for cells of type $pos.
Using template $paramod\_90_lcu\WIDTH=32'00000000000000000000000000000010 for cells of type $lcu.
Using template $paramod\_90_lcu\WIDTH=32'00000000000000000000000000000110 for cells of type $lcu.
Using template $paramod\_90_lcu\WIDTH=32'00000000000000000000000000000011 for cells of type $lcu.
Using template $paramod\_90_lcu\WIDTH=32'00000000000000000000000000000101 for cells of type $lcu.
Using template $paramod\_90_lcu\WIDTH=32'00000000000000000000000000000001 for cells of type $lcu.
No more expansions possible.
<suppressed ~1307 debug messages>

54. Executing OPT pass (performing simple optimizations).

54.1. Executing OPT_EXPR pass (perform const folding).
Optimizing module serv_synth_wrapper.
<suppressed ~165 debug messages>

54.2. Executing OPT_MERGE pass (detect identical cells).
Finding identical cells in module `\serv_synth_wrapper'.
<suppressed ~123 debug messages>
Removed a total of 41 cells.

54.3. Executing OPT_DFF pass (perform DFF optimizations).

54.4. Executing OPT_CLEAN pass (remove unused cells and wires).
Finding unused cells or wires in module \serv_synth_wrapper..
Removed 24 unused cells and 333 unused wires.
<suppressed ~29 debug messages>

54.5. Finished fast OPT passes.

55. Executing ABC pass (technology mapping using ABC).

55.1. Extracting gate netlist of module `\serv_synth_wrapper' to `<abc-temp-dir>/input.blif'..
Extracted 551 gates and 734 wires to a netlist network with 181 inputs and 138 outputs.

55.1.1. Executing ABC.
Running ABC command: "<yosys-exe-dir>/yosys-abc" -s -f <abc-temp-dir>/abc.script 2>&1
ABC: ABC command line: "source <abc-temp-dir>/abc.script".
ABC: 
ABC: + read_blif <abc-temp-dir>/input.blif 
ABC: + read_library <abc-temp-dir>/stdcells.genlib 
ABC: Entered genlib library with 13 gates from file "<abc-temp-dir>/stdcells.genlib".
ABC: + strash 
ABC: + dretime 
ABC: + map 
ABC: + write_blif <abc-temp-dir>/output.blif 

55.1.2. Re-integrating ABC results.
ABC RESULTS:               NOT cells:       24
ABC RESULTS:               MUX cells:      104
ABC RESULTS:                OR cells:       91
ABC RESULTS:             ORNOT cells:       23
ABC RESULTS:               AND cells:       34
ABC RESULTS:              NAND cells:       22
ABC RESULTS:            ANDNOT cells:      135
ABC RESULTS:              XNOR cells:        6
ABC RESULTS:               NOR cells:       33
ABC RESULTS:               XOR cells:       21
ABC RESULTS:        internal signals:      415
ABC RESULTS:           input signals:      181
ABC RESULTS:          output signals:      138
Removing temp directory.

56. Executing OPT pass (performing simple optimizations).

56.1. Executing OPT_EXPR pass (perform const folding).
Optimizing module serv_synth_wrapper.
<suppressed ~14 debug messages>

56.2. Executing OPT_MERGE pass (detect identical cells).
Finding identical cells in module `\serv_synth_wrapper'.
<suppressed ~3 debug messages>
Removed a total of 1 cells.

56.3. Executing OPT_DFF pass (perform DFF optimizations).

56.4. Executing OPT_CLEAN pass (remove unused cells and wires).
Finding unused cells or wires in module \serv_synth_wrapper..
Removed 1 unused cells and 795 unused wires.
<suppressed ~251 debug messages>

56.5. Finished fast OPT passes.

57. Executing HIERARCHY pass (managing design hierarchy).

57.1. Analyzing design hierarchy..
Top module:  \serv_synth_wrapper

57.2. Analyzing design hierarchy..
Top module:  \serv_synth_wrapper
Removed 0 unused modules.

58. Printing statistics.

=== serv_synth_wrapper ===

   Number of wires:                760
   Number of wire bits:           1807
   Number of public wires:         310
   Number of public wire bits:    1345
   Number of memories:               0
   Number of memory bits:            0
   Number of processes:              0
   Number of cells:                672
     $_ANDNOT_                     135
     $_AND_                         34
     $_DFFE_PP_                    119
     $_DFF_P_                       11
     $_MUX_                        104
     $_NAND_                        22
     $_NOR_                         32
     $_NOT_                         23
     $_ORNOT_                       23
     $_OR_                          91
     $_SDFFCE_PP0P_                 32
     $_SDFFE_PP0N_                   2
     $_SDFFE_PP0P_                   2
     $_SDFF_PN0_                     1
     $_SDFF_PP0_                    14
     $_XNOR_                         6
     $_XOR_                         21

59. Executing CHECK pass (checking for obvious problems).
Checking module serv_synth_wrapper...
Found and reported 0 problems.

60. Generating Graphviz representation of design.
Writing dot description to `/openlane/designs/serv_opt/runs/RUN_2026.04.16_09.01.15/tmp/synthesis/post_techmap.dot'.
Dumping module serv_synth_wrapper to page 1.

61. Executing SHARE pass (SAT-based resource sharing).

62. Executing OPT pass (performing simple optimizations).

62.1. Executing OPT_EXPR pass (perform const folding).
Optimizing module serv_synth_wrapper.

62.2. Executing OPT_MERGE pass (detect identical cells).
Finding identical cells in module `\serv_synth_wrapper'.
Removed a total of 0 cells.

62.3. Executing OPT_MUXTREE pass (detect dead branches in mux trees).
Running muxtree optimizer on module \serv_synth_wrapper..
  Creating internal representation of mux trees.
  No muxes found in this module.
Removed 0 multiplexer ports.

62.4. Executing OPT_REDUCE pass (consolidate $*mux and $reduce_* inputs).
  Optimizing cells in module \serv_synth_wrapper.
Performed a total of 0 changes.

62.5. Executing OPT_MERGE pass (detect identical cells).
Finding identical cells in module `\serv_synth_wrapper'.
Removed a total of 0 cells.

62.6. Executing OPT_DFF pass (perform DFF optimizations).

62.7. Executing OPT_CLEAN pass (remove unused cells and wires).
Finding unused cells or wires in module \serv_synth_wrapper..

62.8. Executing OPT_EXPR pass (perform const folding).
Optimizing module serv_synth_wrapper.

62.9. Finished OPT passes. (There is nothing left to do.)

63. Executing OPT_CLEAN pass (remove unused cells and wires).
Finding unused cells or wires in module \serv_synth_wrapper..
Removed 0 unused cells and 226 unused wires.
<suppressed ~226 debug messages>

64. Printing statistics.

=== serv_synth_wrapper ===

   Number of wires:                534
   Number of wire bits:            793
   Number of public wires:          84
   Number of public wire bits:     331
   Number of memories:               0
   Number of memory bits:            0
   Number of processes:              0
   Number of cells:                672
     $_ANDNOT_                     135
     $_AND_                         34
     $_DFFE_PP_                    119
     $_DFF_P_                       11
     $_MUX_                        104
     $_NAND_                        22
     $_NOR_                         32
     $_NOT_                         23
     $_ORNOT_                       23
     $_OR_                          91
     $_SDFFCE_PP0P_                 32
     $_SDFFE_PP0N_                   2
     $_SDFFE_PP0P_                   2
     $_SDFF_PN0_                     1
     $_SDFF_PP0_                    14
     $_XNOR_                         6
     $_XOR_                         21

mapping tbuf

65. Executing TECHMAP pass (map to technology primitives).

65.1. Executing Verilog-2005 frontend: /home/ubuntu/.ciel/sky130A/libs.tech/openlane/sky130_fd_sc_hd/tribuff_map.v
Parsing Verilog input from `/home/ubuntu/.ciel/sky130A/libs.tech/openlane/sky130_fd_sc_hd/tribuff_map.v' to AST representation.
Generating RTLIL representation for module `\$_TBUF_'.
Successfully finished Verilog frontend.

65.2. Continuing TECHMAP pass.
No more expansions possible.
<suppressed ~3 debug messages>

66. Executing SIMPLEMAP pass (map simple cells to gate primitives).

67. Executing TECHMAP pass (map to technology primitives).

67.1. Executing Verilog-2005 frontend: /home/ubuntu/.ciel/sky130A/libs.tech/openlane/sky130_fd_sc_hd/latch_map.v
Parsing Verilog input from `/home/ubuntu/.ciel/sky130A/libs.tech/openlane/sky130_fd_sc_hd/latch_map.v' to AST representation.
Generating RTLIL representation for module `\$_DLATCH_P_'.
Generating RTLIL representation for module `\$_DLATCH_N_'.
Successfully finished Verilog frontend.

67.2. Continuing TECHMAP pass.
No more expansions possible.
<suppressed ~4 debug messages>

68. Executing SIMPLEMAP pass (map simple cells to gate primitives).

69. Executing DFFLIBMAP pass (mapping DFF cells to sequential cells from liberty file).
  cell sky130_fd_sc_hd__dfxtp_2 (noninv, pins=3, area=21.27) is a direct match for cell type $_DFF_P_.
  cell sky130_fd_sc_hd__dfrtp_2 (noninv, pins=4, area=26.28) is a direct match for cell type $_DFF_PN0_.
  cell sky130_fd_sc_hd__dfstp_2 (noninv, pins=4, area=26.28) is a direct match for cell type $_DFF_PN1_.
  cell sky130_fd_sc_hd__dfbbn_2 (noninv, pins=6, area=35.03) is a direct match for cell type $_DFFSR_NNN_.
  final dff cell mappings:
    unmapped dff cell: $_DFF_N_
    \sky130_fd_sc_hd__dfxtp_2 _DFF_P_ (.CLK( C), .D( D), .Q( Q));
    unmapped dff cell: $_DFF_NN0_
    unmapped dff cell: $_DFF_NN1_
    unmapped dff cell: $_DFF_NP0_
    unmapped dff cell: $_DFF_NP1_
    \sky130_fd_sc_hd__dfrtp_2 _DFF_PN0_ (.CLK( C), .D( D), .Q( Q), .RESET_B( R));
    \sky130_fd_sc_hd__dfstp_2 _DFF_PN1_ (.CLK( C), .D( D), .Q( Q), .SET_B( R));
    unmapped dff cell: $_DFF_PP0_
    unmapped dff cell: $_DFF_PP1_
    \sky130_fd_sc_hd__dfbbn_2 _DFFSR_NNN_ (.CLK_N( C), .D( D), .Q( Q), .Q_N(~Q), .RESET_B( R), .SET_B( S));
    unmapped dff cell: $_DFFSR_NNP_
    unmapped dff cell: $_DFFSR_NPN_
    unmapped dff cell: $_DFFSR_NPP_
    unmapped dff cell: $_DFFSR_PNN_
    unmapped dff cell: $_DFFSR_PNP_
    unmapped dff cell: $_DFFSR_PPN_
    unmapped dff cell: $_DFFSR_PPP_

69.1. Executing DFFLEGALIZE pass (convert FFs to types supported by the target).
Mapping DFF cells in module `\serv_synth_wrapper':
  mapped 181 $_DFF_P_ cells to \sky130_fd_sc_hd__dfxtp_2 cells.

70. Printing statistics.

=== serv_synth_wrapper ===

   Number of wires:                740
   Number of wire bits:            999
   Number of public wires:          84
   Number of public wire bits:     331
   Number of memories:               0
   Number of memory bits:            0
   Number of processes:              0
   Number of cells:                878
     $_ANDNOT_                     135
     $_AND_                         34
     $_MUX_                        310
     $_NAND_                        22
     $_NOR_                         32
     $_NOT_                         23
     $_ORNOT_                       23
     $_OR_                          91
     $_XNOR_                         6
     $_XOR_                         21
     sky130_fd_sc_hd__dfxtp_2      181

[INFO]: USING STRATEGY AREA 0

71. Executing ABC pass (technology mapping using ABC).

71.1. Extracting gate netlist of module `\serv_synth_wrapper' to `/tmp/yosys-abc-fZKTla/input.blif'..
Extracted 697 gates and 946 wires to a netlist network with 248 inputs and 201 outputs.

71.1.1. Executing ABC.
Running ABC command: "/build/bin/yosys-abc" -s -f /tmp/yosys-abc-fZKTla/abc.script 2>&1
ABC: ABC command line: "source /tmp/yosys-abc-fZKTla/abc.script".
ABC: 
ABC: + read_blif /tmp/yosys-abc-fZKTla/input.blif 
ABC: + read_lib -w /openlane/designs/serv_opt/runs/RUN_2026.04.16_09.01.15/tmp/synthesis/trimmed.lib 
ABC: Parsing finished successfully.  Parsing time =     0.03 sec
ABC: Scl_LibertyReadGenlib() skipped sequential cell "sky130_fd_sc_hd__dfbbn_2".
ABC: Scl_LibertyReadGenlib() skipped sequential cell "sky130_fd_sc_hd__dfrbp_2".
ABC: Scl_LibertyReadGenlib() skipped sequential cell "sky130_fd_sc_hd__dfrtp_2".
ABC: Scl_LibertyReadGenlib() skipped sequential cell "sky130_fd_sc_hd__dfrtp_4".
ABC: Scl_LibertyReadGenlib() skipped sequential cell "sky130_fd_sc_hd__dfsbp_2".
ABC: Scl_LibertyReadGenlib() skipped sequential cell "sky130_fd_sc_hd__dfstp_2".
ABC: Scl_LibertyReadGenlib() skipped sequential cell "sky130_fd_sc_hd__dfstp_4".
ABC: Scl_LibertyReadGenlib() skipped sequential cell "sky130_fd_sc_hd__dfxbp_2".
ABC: Scl_LibertyReadGenlib() skipped sequential cell "sky130_fd_sc_hd__dfxtp_2".
ABC: Scl_LibertyReadGenlib() skipped sequential cell "sky130_fd_sc_hd__dfxtp_4".
ABC: Scl_LibertyReadGenlib() skipped sequential cell "sky130_fd_sc_hd__dlxtn_1".
ABC: Scl_LibertyReadGenlib() skipped sequential cell "sky130_fd_sc_hd__dlxtn_2".
ABC: Scl_LibertyReadGenlib() skipped sequential cell "sky130_fd_sc_hd__dlxtn_4".
ABC: Scl_LibertyReadGenlib() skipped sequential cell "sky130_fd_sc_hd__dlxtp_1".
ABC: Scl_LibertyReadGenlib() skipped three-state cell "sky130_fd_sc_hd__ebufn_2".
ABC: Scl_LibertyReadGenlib() skipped three-state cell "sky130_fd_sc_hd__ebufn_4".
ABC: Scl_LibertyReadGenlib() skipped three-state cell "sky130_fd_sc_hd__ebufn_8".
ABC: Library "sky130A_merged" from "/openlane/designs/serv_opt/runs/RUN_2026.04.16_09.01.15/tmp/synthesis/trimmed.lib" has 175 cells (17 skipped: 14 seq; 3 tri-state; 0 no func; 0 dont_use).  Time =     0.05 sec
ABC: Memory =    9.54 MB. Time =     0.05 sec
ABC: Warning: Detected 2 multi-output gates (for example, "sky130_fd_sc_hd__fa_1").
ABC: + read_constr -v /openlane/designs/serv_opt/runs/RUN_2026.04.16_09.01.15/tmp/synthesis/synthesis.sdc 
ABC: Setting driving cell to be "sky130_fd_sc_hd__inv_2".
ABC: Setting output load to be 33.442001.
ABC: + read_constr /openlane/designs/serv_opt/runs/RUN_2026.04.16_09.01.15/tmp/synthesis/synthesis.sdc 
ABC: + fx 
ABC: + mfs 
ABC: + strash 
ABC: + refactor 
ABC: + balance 
ABC: + rewrite 
ABC: + refactor 
ABC: + balance 
ABC: + rewrite 
ABC: + rewrite -z 
ABC: + balance 
ABC: + refactor -z 
ABC: + rewrite -z 
ABC: + balance 
ABC: + retime -D -D 20000 -M 5 
ABC: + scleanup 
ABC: Error: The network is combinational.
ABC: + fraig_store 
ABC: + balance 
ABC: + fraig_store 
ABC: + balance 
ABC: + rewrite 
ABC: + refactor 
ABC: + balance 
ABC: + rewrite 
ABC: + rewrite -z 
ABC: + balance 
ABC: + refactor -z 
ABC: + rewrite -z 
ABC: + balance 
ABC: + fraig_store 
ABC: + balance 
ABC: + rewrite 
ABC: + refactor 
ABC: + balance 
ABC: + rewrite 
ABC: + rewrite -z 
ABC: + balance 
ABC: + refactor -z 
ABC: + rewrite -z 
ABC: + balance 
ABC: + fraig_store 
ABC: + balance 
ABC: + rewrite 
ABC: + refactor 
ABC: + balance 
ABC: + rewrite 
ABC: + rewrite -z 
ABC: + balance 
ABC: + refactor -z 
ABC: + rewrite -z 
ABC: + balance 
ABC: + fraig_store 
ABC: + fraig_restore 
ABC: + amap -m -Q 0.1 -F 20 -A 20 -C 5000 
ABC: + retime -D -D 20000 
ABC: + &get -n 
ABC: + &st 
ABC: + &dch 
ABC: + &nf 
ABC: + &put 
ABC: + buffer -N 10 -S 750.0 
ABC: + upsize -D 20000 
ABC: Current delay (3615.57 ps) does not exceed the target delay (20000.00 ps). Upsizing is not performed.
ABC: + dnsize -D 20000 
ABC: + stime -p 
ABC: WireLoad = "none"  Gates =    679 ( 26.7 %)   Cap = 12.0 ff (  6.3 %)   Area =     5505.28 ( 73.2 %)   Delay =  3794.82 ps  (  2.9 %)               
ABC: Path  0 --      46 : 0    9 pi                        A =   0.00  Df =  85.8  -47.4 ps  S = 126.7 ps  Cin =  0.0 ff  Cout =  26.5 ff  Cmax =   0.0 ff  G =    0  
ABC: Path  1 --     542 : 4    1 sky130_fd_sc_hd__or4b_2   A =  10.01  Df = 678.2 -442.5 ps  S = 100.9 ps  Cin =  1.5 ff  Cout =   3.4 ff  Cmax = 265.5 ff  G =  218  
ABC: Path  2 --     543 : 3    2 sky130_fd_sc_hd__mux2_2   A =  11.26  Df =1033.6 -566.4 ps  S =  62.0 ps  Cin =  2.3 ff  Cout =   7.6 ff  Cmax = 297.6 ff  G =  318  
ABC: Path  3 --     585 : 4    7 sky130_fd_sc_hd__a211o_2  A =  10.01  Df =1414.2 -773.0 ps  S =  95.6 ps  Cin =  2.4 ff  Cout =  17.6 ff  Cmax = 325.0 ff  G =  724  
ABC: Path  4 --     652 : 3    1 sky130_fd_sc_hd__and3b_2  A =  10.01  Df =1630.1 -701.0 ps  S =  41.9 ps  Cin =  1.5 ff  Cout =   2.5 ff  Cmax = 309.5 ff  G =  159  
ABC: Path  5 --     655 : 5    2 sky130_fd_sc_hd__o311a_2  A =  11.26  Df =2009.2 -303.2 ps  S =  67.1 ps  Cin =  2.4 ff  Cout =   7.5 ff  Cmax = 293.9 ff  G =  303  
ABC: Path  6 --     660 : 5    1 sky130_fd_sc_hd__o32a_2   A =  11.26  Df =2363.6 -465.1 ps  S =  49.9 ps  Cin =  2.3 ff  Cout =   1.8 ff  Cmax = 300.3 ff  G =   77  
ABC: Path  7 --     661 : 4    2 sky130_fd_sc_hd__a2bb2o_2 A =  11.26  Df =2620.2 -306.8 ps  S =  71.5 ps  Cin =  1.7 ff  Cout =  10.2 ff  Cmax = 300.3 ff  G =  578  
ABC: Path  8 --     662 : 2    2 sky130_fd_sc_hd__xnor2_2  A =  16.27  Df =2753.2 -303.6 ps  S = 125.5 ps  Cin =  8.5 ff  Cout =   5.0 ff  Cmax = 121.8 ff  G =   54  
ABC: Path  9 --     663 : 4    2 sky130_fd_sc_hd__o211a_2  A =  10.01  Df =2950.5 -253.6 ps  S =  68.4 ps  Cin =  2.4 ff  Cout =   7.2 ff  Cmax = 268.3 ff  G =  286  
ABC: Path 10 --     675 : 4    3 sky130_fd_sc_hd__o31a_2   A =  10.01  Df =3121.0  -72.9 ps  S =  82.0 ps  Cin =  2.3 ff  Cout =  11.6 ff  Cmax = 285.7 ff  G =  478  
ABC: Path 11 --     697 : 4    4 sky130_fd_sc_hd__o211a_2  A =  10.01  Df =3310.0  -21.7 ps  S =  60.6 ps  Cin =  2.4 ff  Cout =   6.1 ff  Cmax = 268.3 ff  G =  252  
ABC: Path 12 --     711 : 3    1 sky130_fd_sc_hd__and3b_2  A =  10.01  Df =3473.6   -0.3 ps  S =  40.3 ps  Cin =  1.5 ff  Cout =   2.2 ff  Cmax = 309.5 ff  G =  142  
ABC: Path 13 --     712 : 1    1 sky130_fd_sc_hd__buf_1    A =   3.75  Df =3794.8 -106.5 ps  S = 396.6 ps  Cin =  2.1 ff  Cout =  33.4 ff  Cmax = 130.0 ff  G = 1590  
ABC: Start-point = pi45 (\o_dbus_we).  End-point = po41 ($auto$rtlil.cc:2607:MuxGate$3159).
ABC: + print_stats -m 
ABC: netlist                       : i/o =  248/  201  lat =    0  nd =   679  edge =   1722  area =5505.06  delay =14.00  lev = 14
ABC: + write_blif /tmp/yosys-abc-fZKTla/output.blif 

71.1.2. Re-integrating ABC results.
ABC RESULTS:   sky130_fd_sc_hd__xor2_2 cells:        1
ABC RESULTS:   sky130_fd_sc_hd__or4b_2 cells:        1
ABC RESULTS:   sky130_fd_sc_hd__a31oi_2 cells:        1
ABC RESULTS:   sky130_fd_sc_hd__mux4_2 cells:        1
ABC RESULTS:   sky130_fd_sc_hd__o2111a_2 cells:        2
ABC RESULTS:   sky130_fd_sc_hd__a32o_2 cells:        3
ABC RESULTS:   sky130_fd_sc_hd__or4_2 cells:        3
ABC RESULTS:   sky130_fd_sc_hd__nor4_2 cells:        1
ABC RESULTS:   sky130_fd_sc_hd__o211ai_2 cells:        2
ABC RESULTS:   sky130_fd_sc_hd__o32a_2 cells:        1
ABC RESULTS:   sky130_fd_sc_hd__a2bb2o_2 cells:        1
ABC RESULTS:   sky130_fd_sc_hd__and4_2 cells:        3
ABC RESULTS:   sky130_fd_sc_hd__o2111ai_2 cells:        1
ABC RESULTS:   sky130_fd_sc_hd__or2_2 cells:       16
ABC RESULTS:   sky130_fd_sc_hd__and3_2 cells:       11
ABC RESULTS:   sky130_fd_sc_hd__nor3_2 cells:        4
ABC RESULTS:   sky130_fd_sc_hd__nand4_2 cells:        2
ABC RESULTS:   sky130_fd_sc_hd__nor3b_2 cells:        1
ABC RESULTS:   sky130_fd_sc_hd__or2b_2 cells:        2
ABC RESULTS:   sky130_fd_sc_hd__a41o_2 cells:        1
ABC RESULTS:   sky130_fd_sc_hd__a211oi_2 cells:        2
ABC RESULTS:   sky130_fd_sc_hd__inv_2 cells:       23
ABC RESULTS:   sky130_fd_sc_hd__a211o_2 cells:        4
ABC RESULTS:   sky130_fd_sc_hd__o31a_2 cells:        5
ABC RESULTS:   sky130_fd_sc_hd__o21ai_2 cells:       10
ABC RESULTS:   sky130_fd_sc_hd__a21boi_2 cells:        2
ABC RESULTS:   sky130_fd_sc_hd__a311o_2 cells:        4
ABC RESULTS:   sky130_fd_sc_hd__o2bb2a_2 cells:        3
ABC RESULTS:   sky130_fd_sc_hd__a22o_2 cells:       39
ABC RESULTS:   sky130_fd_sc_hd__or3_2 cells:        5
ABC RESULTS:   sky130_fd_sc_hd__or3b_2 cells:        4
ABC RESULTS:   sky130_fd_sc_hd__o221a_2 cells:        2
ABC RESULTS:   sky130_fd_sc_hd__o311a_2 cells:        7
ABC RESULTS:   sky130_fd_sc_hd__a21bo_2 cells:        5
ABC RESULTS:   sky130_fd_sc_hd__o22a_2 cells:        3
ABC RESULTS:   sky130_fd_sc_hd__a221o_2 cells:       12
ABC RESULTS:   sky130_fd_sc_hd__a21o_2 cells:       16
ABC RESULTS:   sky130_fd_sc_hd__mux2_2 cells:      152
ABC RESULTS:   sky130_fd_sc_hd__xnor2_2 cells:        6
ABC RESULTS:   sky130_fd_sc_hd__nor2_2 cells:       34
ABC RESULTS:   sky130_fd_sc_hd__a31o_2 cells:       20
ABC RESULTS:   sky130_fd_sc_hd__and3b_2 cells:        6
ABC RESULTS:   sky130_fd_sc_hd__o21a_2 cells:       12
ABC RESULTS:   sky130_fd_sc_hd__nand3_2 cells:        2
ABC RESULTS:   sky130_fd_sc_hd__and2b_2 cells:       15
ABC RESULTS:   sky130_fd_sc_hd__buf_1 cells:      158
ABC RESULTS:   sky130_fd_sc_hd__nand2_2 cells:       20
ABC RESULTS:   sky130_fd_sc_hd__a21oi_2 cells:       16
ABC RESULTS:   sky130_fd_sc_hd__and2_2 cells:       23
ABC RESULTS:   sky130_fd_sc_hd__o211a_2 cells:        5
ABC RESULTS:   sky130_fd_sc_hd__o21ba_2 cells:        6
ABC RESULTS:        internal signals:      497
ABC RESULTS:           input signals:      248
ABC RESULTS:          output signals:      201
Removing temp directory.

72. Executing SETUNDEF pass (replace undef values with defined constants).

73. Executing HILOMAP pass (mapping to constant drivers).

74. Executing SPLITNETS pass (splitting up multi-bit signals).

75. Executing OPT_CLEAN pass (remove unused cells and wires).
Finding unused cells or wires in module \serv_synth_wrapper..
Removed 0 unused cells and 994 unused wires.
<suppressed ~51 debug messages>

76. Executing INSBUF pass (insert buffer cells for connected wires).
Add serv_synth_wrapper/$auto$insbuf.cc:97:execute$4234: \o_raddr [0] -> \o_waddr [0]

77. Executing CHECK pass (checking for obvious problems).
Checking module serv_synth_wrapper...
Warning: Wire serv_synth_wrapper.\o_wen is used but has no driver.
Warning: Wire serv_synth_wrapper.\o_wdata [1] is used but has no driver.
Warning: Wire serv_synth_wrapper.\o_wdata [0] is used but has no driver.
Warning: Wire serv_synth_wrapper.\o_waddr [9] is used but has no driver.
Warning: Wire serv_synth_wrapper.\o_waddr [8] is used but has no driver.
Warning: Wire serv_synth_wrapper.\o_waddr [7] is used but has no driver.
Warning: Wire serv_synth_wrapper.\o_waddr [6] is used but has no driver.
Warning: Wire serv_synth_wrapper.\o_waddr [5] is used but has no driver.
Warning: Wire serv_synth_wrapper.\o_waddr [4] is used but has no driver.
Warning: Wire serv_synth_wrapper.\o_waddr [3] is used but has no driver.
Warning: Wire serv_synth_wrapper.\o_waddr [2] is used but has no driver.
Warning: Wire serv_synth_wrapper.\o_waddr [1] is used but has no driver.
Warning: Wire serv_synth_wrapper.\o_waddr [0] is used but has no driver.
Warning: Wire serv_synth_wrapper.\o_raddr [9] is used but has no driver.
Warning: Wire serv_synth_wrapper.\o_raddr [8] is used but has no driver.
Warning: Wire serv_synth_wrapper.\o_raddr [7] is used but has no driver.
Warning: Wire serv_synth_wrapper.\o_raddr [6] is used but has no driver.
Warning: Wire serv_synth_wrapper.\o_raddr [5] is used but has no driver.
Warning: Wire serv_synth_wrapper.\o_raddr [4] is used but has no driver.
Warning: Wire serv_synth_wrapper.\o_raddr [3] is used but has no driver.
Warning: Wire serv_synth_wrapper.\o_raddr [2] is used but has no driver.
Warning: Wire serv_synth_wrapper.\o_raddr [1] is used but has no driver.
Warning: Wire serv_synth_wrapper.\o_raddr [0] is used but has no driver.
Warning: Wire serv_synth_wrapper.\o_ibus_cyc is used but has no driver.
Warning: Wire serv_synth_wrapper.\o_ibus_adr [31] is used but has no driver.
Warning: Wire serv_synth_wrapper.\o_ibus_adr [30] is used but has no driver.
Warning: Wire serv_synth_wrapper.\o_ibus_adr [29] is used but has no driver.
Warning: Wire serv_synth_wrapper.\o_ibus_adr [28] is used but has no driver.
Warning: Wire serv_synth_wrapper.\o_ibus_adr [27] is used but has no driver.
Warning: Wire serv_synth_wrapper.\o_ibus_adr [26] is used but has no driver.
Warning: Wire serv_synth_wrapper.\o_ibus_adr [25] is used but has no driver.
Warning: Wire serv_synth_wrapper.\o_ibus_adr [24] is used but has no driver.
Warning: Wire serv_synth_wrapper.\o_ibus_adr [23] is used but has no driver.
Warning: Wire serv_synth_wrapper.\o_ibus_adr [22] is used but has no driver.
Warning: Wire serv_synth_wrapper.\o_ibus_adr [21] is used but has no driver.
Warning: Wire serv_synth_wrapper.\o_ibus_adr [20] is used but has no driver.
Warning: Wire serv_synth_wrapper.\o_ibus_adr [19] is used but has no driver.
Warning: Wire serv_synth_wrapper.\o_ibus_adr [18] is used but has no driver.
Warning: Wire serv_synth_wrapper.\o_ibus_adr [17] is used but has no driver.
Warning: Wire serv_synth_wrapper.\o_ibus_adr [16] is used but has no driver.
Warning: Wire serv_synth_wrapper.\o_ibus_adr [15] is used but has no driver.
Warning: Wire serv_synth_wrapper.\o_ibus_adr [14] is used but has no driver.
Warning: Wire serv_synth_wrapper.\o_ibus_adr [13] is used but has no driver.
Warning: Wire serv_synth_wrapper.\o_ibus_adr [12] is used but has no driver.
Warning: Wire serv_synth_wrapper.\o_ibus_adr [11] is used but has no driver.
Warning: Wire serv_synth_wrapper.\o_ibus_adr [10] is used but has no driver.
Warning: Wire serv_synth_wrapper.\o_ibus_adr [9] is used but has no driver.
Warning: Wire serv_synth_wrapper.\o_ibus_adr [8] is used but has no driver.
Warning: Wire serv_synth_wrapper.\o_ibus_adr [7] is used but has no driver.
Warning: Wire serv_synth_wrapper.\o_ibus_adr [6] is used but has no driver.
Warning: Wire serv_synth_wrapper.\o_ibus_adr [5] is used but has no driver.
Warning: Wire serv_synth_wrapper.\o_ibus_adr [4] is used but has no driver.
Warning: Wire serv_synth_wrapper.\o_ibus_adr [3] is used but has no driver.
Warning: Wire serv_synth_wrapper.\o_ibus_adr [2] is used but has no driver.
Warning: Wire serv_synth_wrapper.\o_ibus_adr [1] is used but has no driver.
Warning: Wire serv_synth_wrapper.\o_ibus_adr [0] is used but has no driver.
Warning: Wire serv_synth_wrapper.\o_dbus_we is used but has no driver.
Warning: Wire serv_synth_wrapper.\o_dbus_sel [3] is used but has no driver.
Warning: Wire serv_synth_wrapper.\o_dbus_sel [2] is used but has no driver.
Warning: Wire serv_synth_wrapper.\o_dbus_sel [1] is used but has no driver.
Warning: Wire serv_synth_wrapper.\o_dbus_sel [0] is used but has no driver.
Warning: Wire serv_synth_wrapper.\o_dbus_dat [31] is used but has no driver.
Warning: Wire serv_synth_wrapper.\o_dbus_dat [30] is used but has no driver.
Warning: Wire serv_synth_wrapper.\o_dbus_dat [29] is used but has no driver.
Warning: Wire serv_synth_wrapper.\o_dbus_dat [28] is used but has no driver.
Warning: Wire serv_synth_wrapper.\o_dbus_dat [27] is used but has no driver.
Warning: Wire serv_synth_wrapper.\o_dbus_dat [26] is used but has no driver.
Warning: Wire serv_synth_wrapper.\o_dbus_dat [25] is used but has no driver.
Warning: Wire serv_synth_wrapper.\o_dbus_dat [24] is used but has no driver.
Warning: Wire serv_synth_wrapper.\o_dbus_dat [23] is used but has no driver.
Warning: Wire serv_synth_wrapper.\o_dbus_dat [22] is used but has no driver.
Warning: Wire serv_synth_wrapper.\o_dbus_dat [21] is used but has no driver.
Warning: Wire serv_synth_wrapper.\o_dbus_dat [20] is used but has no driver.
Warning: Wire serv_synth_wrapper.\o_dbus_dat [19] is used but has no driver.
Warning: Wire serv_synth_wrapper.\o_dbus_dat [18] is used but has no driver.
Warning: Wire serv_synth_wrapper.\o_dbus_dat [17] is used but has no driver.
Warning: Wire serv_synth_wrapper.\o_dbus_dat [16] is used but has no driver.
Warning: Wire serv_synth_wrapper.\o_dbus_dat [15] is used but has no driver.
Warning: Wire serv_synth_wrapper.\o_dbus_dat [14] is used but has no driver.
Warning: Wire serv_synth_wrapper.\o_dbus_dat [13] is used but has no driver.
Warning: Wire serv_synth_wrapper.\o_dbus_dat [12] is used but has no driver.
Warning: Wire serv_synth_wrapper.\o_dbus_dat [11] is used but has no driver.
Warning: Wire serv_synth_wrapper.\o_dbus_dat [10] is used but has no driver.
Warning: Wire serv_synth_wrapper.\o_dbus_dat [9] is used but has no driver.
Warning: Wire serv_synth_wrapper.\o_dbus_dat [8] is used but has no driver.
Warning: Wire serv_synth_wrapper.\o_dbus_dat [7] is used but has no driver.
Warning: Wire serv_synth_wrapper.\o_dbus_dat [6] is used but has no driver.
Warning: Wire serv_synth_wrapper.\o_dbus_dat [5] is used but has no driver.
Warning: Wire serv_synth_wrapper.\o_dbus_dat [4] is used but has no driver.
Warning: Wire serv_synth_wrapper.\o_dbus_dat [3] is used but has no driver.
Warning: Wire serv_synth_wrapper.\o_dbus_dat [2] is used but has no driver.
Warning: Wire serv_synth_wrapper.\o_dbus_dat [1] is used but has no driver.
Warning: Wire serv_synth_wrapper.\o_dbus_dat [0] is used but has no driver.
Warning: Wire serv_synth_wrapper.\o_dbus_cyc is used but has no driver.
Warning: Wire serv_synth_wrapper.\o_dbus_adr [31] is used but has no driver.
Warning: Wire serv_synth_wrapper.\o_dbus_adr [30] is used but has no driver.
Warning: Wire serv_synth_wrapper.\o_dbus_adr [29] is used but has no driver.
Warning: Wire serv_synth_wrapper.\o_dbus_adr [28] is used but has no driver.
Warning: Wire serv_synth_wrapper.\o_dbus_adr [27] is used but has no driver.
Warning: Wire serv_synth_wrapper.\o_dbus_adr [26] is used but has no driver.
Warning: Wire serv_synth_wrapper.\o_dbus_adr [25] is used but has no driver.
Warning: Wire serv_synth_wrapper.\o_dbus_adr [24] is used but has no driver.
Warning: Wire serv_synth_wrapper.\o_dbus_adr [23] is used but has no driver.
Warning: Wire serv_synth_wrapper.\o_dbus_adr [22] is used but has no driver.
Warning: Wire serv_synth_wrapper.\o_dbus_adr [21] is used but has no driver.
Warning: Wire serv_synth_wrapper.\o_dbus_adr [20] is used but has no driver.
Warning: Wire serv_synth_wrapper.\o_dbus_adr [19] is used but has no driver.
Warning: Wire serv_synth_wrapper.\o_dbus_adr [18] is used but has no driver.
Warning: Wire serv_synth_wrapper.\o_dbus_adr [17] is used but has no driver.
Warning: Wire serv_synth_wrapper.\o_dbus_adr [16] is used but has no driver.
Warning: Wire serv_synth_wrapper.\o_dbus_adr [15] is used but has no driver.
Warning: Wire serv_synth_wrapper.\o_dbus_adr [14] is used but has no driver.
Warning: Wire serv_synth_wrapper.\o_dbus_adr [13] is used but has no driver.
Warning: Wire serv_synth_wrapper.\o_dbus_adr [12] is used but has no driver.
Warning: Wire serv_synth_wrapper.\o_dbus_adr [11] is used but has no driver.
Warning: Wire serv_synth_wrapper.\o_dbus_adr [10] is used but has no driver.
Warning: Wire serv_synth_wrapper.\o_dbus_adr [9] is used but has no driver.
Warning: Wire serv_synth_wrapper.\o_dbus_adr [8] is used but has no driver.
Warning: Wire serv_synth_wrapper.\o_dbus_adr [7] is used but has no driver.
Warning: Wire serv_synth_wrapper.\o_dbus_adr [6] is used but has no driver.
Warning: Wire serv_synth_wrapper.\o_dbus_adr [5] is used but has no driver.
Warning: Wire serv_synth_wrapper.\o_dbus_adr [4] is used but has no driver.
Warning: Wire serv_synth_wrapper.\o_dbus_adr [3] is used but has no driver.
Warning: Wire serv_synth_wrapper.\o_dbus_adr [2] is used but has no driver.
Warning: Wire serv_synth_wrapper.\o_dbus_adr [1] is used but has no driver.
Warning: Wire serv_synth_wrapper.\o_dbus_adr [0] is used but has no driver.
Found and reported 126 problems.

78. Printing statistics.

=== serv_synth_wrapper ===

   Number of wires:                756
   Number of wire bits:            934
   Number of public wires:         103
   Number of public wire bits:     281
   Number of memories:               0
   Number of memory bits:            0
   Number of processes:              0
   Number of cells:                863
     sky130_fd_sc_hd__a211o_2        4
     sky130_fd_sc_hd__a211oi_2       2
     sky130_fd_sc_hd__a21bo_2        5
     sky130_fd_sc_hd__a21boi_2       2
     sky130_fd_sc_hd__a21o_2        16
     sky130_fd_sc_hd__a21oi_2       16
     sky130_fd_sc_hd__a221o_2       12
     sky130_fd_sc_hd__a22o_2        39
     sky130_fd_sc_hd__a2bb2o_2       1
     sky130_fd_sc_hd__a311o_2        4
     sky130_fd_sc_hd__a31o_2        20
     sky130_fd_sc_hd__a31oi_2        1
     sky130_fd_sc_hd__a32o_2         3
     sky130_fd_sc_hd__a41o_2         1
     sky130_fd_sc_hd__and2_2        23
     sky130_fd_sc_hd__and2b_2       15
     sky130_fd_sc_hd__and3_2        11
     sky130_fd_sc_hd__and3b_2        6
     sky130_fd_sc_hd__and4_2         3
     sky130_fd_sc_hd__buf_1        158
     sky130_fd_sc_hd__buf_2          1
     sky130_fd_sc_hd__conb_1         2
     sky130_fd_sc_hd__dfxtp_2      181
     sky130_fd_sc_hd__inv_2         23
     sky130_fd_sc_hd__mux2_2       152
     sky130_fd_sc_hd__mux4_2         1
     sky130_fd_sc_hd__nand2_2       20
     sky130_fd_sc_hd__nand3_2        2
     sky130_fd_sc_hd__nand4_2        2
     sky130_fd_sc_hd__nor2_2        34
     sky130_fd_sc_hd__nor3_2         4
     sky130_fd_sc_hd__nor3b_2        1
     sky130_fd_sc_hd__nor4_2         1
     sky130_fd_sc_hd__o2111a_2       2
     sky130_fd_sc_hd__o2111ai_2      1
     sky130_fd_sc_hd__o211a_2        5
     sky130_fd_sc_hd__o211ai_2       2
     sky130_fd_sc_hd__o21a_2        12
     sky130_fd_sc_hd__o21ai_2       10
     sky130_fd_sc_hd__o21ba_2        6
     sky130_fd_sc_hd__o221a_2        2
     sky130_fd_sc_hd__o22a_2         3
     sky130_fd_sc_hd__o2bb2a_2       3
     sky130_fd_sc_hd__o311a_2        7
     sky130_fd_sc_hd__o31a_2         5
     sky130_fd_sc_hd__o32a_2         1
     sky130_fd_sc_hd__or2_2         16
     sky130_fd_sc_hd__or2b_2         2
     sky130_fd_sc_hd__or3_2          5
     sky130_fd_sc_hd__or3b_2         4
     sky130_fd_sc_hd__or4_2          3
     sky130_fd_sc_hd__or4b_2         1
     sky130_fd_sc_hd__xnor2_2        6
     sky130_fd_sc_hd__xor2_2         1

   Chip area for module '\serv_synth_wrapper': 9367.734400

79. Executing Verilog backend.
Dumping module `\serv_synth_wrapper'.

Warnings: 126 unique messages, 126 total
End of script. Logfile hash: b6c7658453, CPU: user 0.97s system 0.02s, MEM: 32.55 MB peak
Yosys 0.30+48 (git sha1 14d50a176d5, gcc 8.3.1 -fPIC -Os)
Time spent: 49% 2x abc (0 sec), 12% 28x opt_expr (0 sec), ...
